ID,PUBLISHED,UPDATED,TITLE,CONTENT,CONTENT_SIZE,HAS_LINK,AUTHOR_NAME,AUTHOR_URI,CHANNELID
YESiWySYCZUXKT3G91T4fU4jW0THXDBCl4TtCluZUwM,2013-10-20T17:34:27,2013-10-20T17:34:27,Ø³Ù…Ø¹Øª Ø§Ù†Ù‡ Ù†Ø²Ù„ ÙÙŠï»¿ ...,Ø³Ù…Ø¹Øª Ø§Ù†Ù‡ Ù†Ø²Ù„ ÙÙŠï»¿ Ø§ÙƒØ³ØªØ±Ø§,23,0,ØªØ±ÙƒÙŠ  ÙÙŠØµÙ„,54_8q79Rv1RNmCjtOgJyOQ,UC54_8q79Rv1RNmCjtOgJyOQ
YESiWySYCZUCnby06DqdaABUzlwnlEiNTY8g9w3ZZeo,2013-10-20T17:21:48,2013-10-20T17:21:48,Finally aï»¿ guy who ...,Finally aï»¿ guy who we don't understand what he's saying knows what an unboxing of the ps4 is.,93,0,Diego Garza,cc1PPuYxUZq9odgKf8Cciw,UCcc1PPuYxUZq9odgKf8Cciw
YESiWySYCZWWmJDzL-1v5AyZEtior7vob0GFvzUFbqQ,2013-10-20T16:39:48,2013-10-20T16:39:48,Ã¨ bella..ma nonï»¿ la ...,Ã¨ bella..ma nonï»¿ la comprerÃ² :) pc,34,0,ematto90,ematto90,UCqqmgWlDc1_A7w2P5GxQAfQ
YESiWySYCZWwfZlDOxmkNEtVYmGgI4zfzgEk3j7bhpc,2013-10-20T16:34:12,2013-10-20T16:34:12,As an American  I'd ...,As an American  I'd like to apologize for the behaviorï»¿ of my countrymen. I'm sorry that they are behaving so poorly.,117,0,Gavin Boutdy,zisker1997,UC7ZL1T4K_xaNZk-_SeqSMqw
YESiWySYCZVuuCSkW4XjApV1ISyPvw7J1fO1Nv3QKg8,2013-10-20T16:23:28,2013-10-20T16:23:28,Ñï»¿ ÑƒÐ¶Ðµ Ð½Ð°Ð¿Ð¸ÑÐ°Ð» Ð´ÐµÐ´Ñƒ ...,Ñï»¿ ÑƒÐ¶Ðµ Ð½Ð°Ð¿Ð¸ÑÐ°Ð» Ð´ÐµÐ´Ñƒ Ð¼Ð¾Ñ€Ð¾Ð·Ñƒ Ð¿Ð¸ÑÑŒÐ¼Ð¾.Ñ Ð¾Ñ‡ÐµÐ½ÑŒ Ñ…Ð¾Ñ€Ð¾ÑˆÐ¾ Ð²ÐµÐ» ÑÐµÐ±Ñ Ð² ÑÑ‚Ð¾Ð¼ Ð³Ð¾Ð´Ñƒ.. :-),75,0,Ð”Ð¼Ð¸Ñ‚Ñ€Ð¸Ð¹ ÐšÐ¾Ð»Ð°Ð²Ð°Ð½Ð¾Ð²,OLFE4s-atyt-xDKfEAHOVw,UCOLFE4s-atyt-xDKfEAHOVw
YESiWySYCZU16zcvIQInYgbnDzzx-bcqqDC-2WnwRmQ,2013-10-20T15:17:50,2013-10-20T15:17:50,now I know how to ...,now I know how to say "4" in Germanï»¿,36,0,å‡±æ‹‰ç‰¹,Kylatw,UCXmfS5whB0JOyDCqtDgcytA
YESiWySYCZUG16Bl716TPiLjwoM8y6qIwLLcZmj6F5A,2013-10-20T14:53:30,2013-10-20T14:53:30,The mono headset ...,The mono headset don't look as cheap and crappy as I thought they would.ï»¿,73,0,OwtDaftUK,OwtDaftUK,UCqVA-tCjRoE6IYsMX7JBlqw
YESiWySYCZX3QfhlCA_tMB6oOC-TeB16k2pHOFO0GYU,2013-10-20T14:30:22,2013-10-20T14:30:22,uï»¿ are dumb,uï»¿ are dumb,11,0,MrCSSTheBest,MrCSSTheBest,UCYFLCrgVpNyHECJDhDUakhw
YESiWySYCZXcrdqx405z9sRcHnDXFVnXLAaU_KFFKFw,2013-10-20T14:30:15,2013-10-20T14:30:15,shutï»¿ the fuck up ...,shutï»¿ the fuck up gay americans,31,0,MrCSSTheBest,MrCSSTheBest,UCYFLCrgVpNyHECJDhDUakhw
YESiWySYCZXlHPlBbVGLTyLRNRr_Ji3Ivptebzn-qN8,2013-10-20T13:47:22,2013-10-20T13:47:22,You could have ...,You could have atleast included subtitles.ï»¿,43,0,Kemal KÃ¼rklÃ¼,bananebananebanane,UCewV6Mzm9LfIATmfN6pig3g
YESiWySYCZUoM6EpjL8AbuyxSrff4k4TodpUyhPxMIE,2013-10-20T13:42:42,2013-10-20T13:42:42,Dudeï»¿ nazi are ...,Dudeï»¿ nazi are German not Dutch RETARD,38,0,sebmark222,sebmark222,UCHF3Ai23rzZG9Z1jXv1ixQw
YESiWySYCZWkch91LkRwkyKtvyMSnXltmdA3S0eTa1o,2013-10-20T13:32:43,2013-10-20T13:32:43,Fuck y'all ...,Fuck y'all americans!  You call is nazi or bully us because of H***ler ?!   You and your history is just like our shit!ï»¿,120,0,JoderLPhd,JoderLPhd,UCmNgo7fk6nl98iH3JTIPXDw
YESiWySYCZUGNBz6EwT5scTtK5tL9idU9EAG5Amzy6o,2013-10-20T13:11:46,2013-10-20T13:11:46,1:26 omg he have ...,1:26 omg he have anï»¿ X-ray vision!,34,0,Akrillkin,Akrillkin,UCTs4aHf-yVJ_lB9JHHgf48w
YESiWySYCZVpNoDCiGtBVPtk8Tl-aFeT_ox4QW7C-eM,2013-10-20T12:58:08,2013-10-20T12:58:08,Wieï»¿ weihnachten :D,Wieï»¿ weihnachten :D,19,0,Jan Steinhoff,meistersteini,UCwcrcbw3s_u2yV4cGMej3XQ
YESiWySYCZUVePRfjK2WoUS6a28ITn1g1IEpVqdyy2I,2013-10-20T12:02:34,2013-10-20T12:02:34,Sometimes his ...,Sometimes his enthousiasm reminds me of Christopher Waltz  you know  theï»¿ nazi hunter guy from Inglorious Bastards.,115,0,Sander Ledegen,MV89qR853O8_AhYLaXy1bg,UCMV89qR853O8_AhYLaXy1bg
YESiWySYCZX13sMKt2e1x178GrWsNlsM5hZp6G8uNpk,2013-10-20T10:26:45,2013-10-20T10:26:45,how did german ...,how did german peopleï»¿ get ps4 before americans?,48,0,Ameer Biju Gafoor,2Lv0yt99S1RBuVlmLkheNA,UC2Lv0yt99S1RBuVlmLkheNA
YESiWySYCZUVnFFkhCS_IBp7F4RTrRSam-pGJ6x4oFk,2013-10-20T09:08:29,2013-10-20T09:08:29,How did theï»¿  ...,How did theï»¿  FÃ¼hrer get a ps4 already?!,40,0,HenriT85,HenriT85,UCH4TqzPGjMRV1Ef_5s9Kd6Q
YESiWySYCZUjEl0Fcsad0MJq3vB6m8MnrLOAsHVbFdc,2013-10-20T08:09:48,2013-10-20T08:09:48,Ù„Ø§Ù„Ø§Ù„Ø§ Ù‡Ø§Ø°ÙˆÙ„ Ø¯Ø§ÙØ¹ÙŠÙ† ...,Ù„Ø§Ù„Ø§Ù„Ø§ Ù‡Ø§Ø°ÙˆÙ„ Ø¯Ø§ÙØ¹ÙŠÙ† Ø¹Ù„ÙŠÙ‡ Ù…Ø¨Ù„Øº Ø­Ø§Ù…Ø¯  Ù„Ùˆ Ø§Ù†Ù‡ Ù†Ø²Ù„ Ø¹Ù†Ø¯Ù‡Ù… ÙƒØ§Ù† Ø§Ù„ÙŠÙˆØªÙŠÙˆØ¨ Ù…Ù„ÙŠØ§Ù† ÙÙŠØ¯ÙŠÙˆÙ‡Ø§ Ø¹Ù„Ø§ Ø§Ù„Ø³ÙˆÙ†ÙŠ Ù¤ï»¿,93,0,Al398oo0000ooo0000o0l Sdss,72MD4yQzaVt5dkqPGnWZug,UC72MD4yQzaVt5dkqPGnWZug
YESiWySYCZXRdbkU08TN4kMZYzaXkCAIWtR1LQjyZYI,2013-10-20T07:54:38,2013-10-20T07:54:38,because heï»¿ is a ...,because heï»¿ is a Jerry,22,0,HardcoreGameway,HardcoreGameway,UC4hTywzw02WJfs-VQWKyFAA
YESiWySYCZXP652xrmX1U4lbK6qwSOzj3RtUjlZUmvY,2013-10-20T06:36:33,2013-10-20T06:36:33,Closest thing to an ...,Closest thing to an unboxingï»¿ on youtube,40,0,XRayToast,XRayToast,UCT03Ep8jbsVeRiI6CK6hR-g
YESiWySYCZVTVMwM2hkAhxvmo0tjD-4HBYIpNgLnlgg,2013-10-20T06:01:07,2013-10-20T06:01:07,Unboxingï»¿ vid,Unboxingï»¿ vid,13,0,MoarCOD,axMbULNIMy1cAuKe7fV15Q,UCaxMbULNIMy1cAuKe7fV15Q
YESiWySYCZVNxEGhhR6zlfd7LFVZtwH0pjxaTdyvMHw,2013-10-20T06:00:22,2013-10-20T06:00:22,XD the only legit ...,XD the only legit unboxingï»¿ ps4 vid on YouTube...,49,0,MoarCOD,axMbULNIMy1cAuKe7fV15Q,UCaxMbULNIMy1cAuKe7fV15Q
YESiWySYCZUYhct8NsG6YQC5jj3I_nvgStdSPgZg8nQ,2013-10-20T04:05:21,2013-10-20T04:05:21,WANT 50$? download ...,WANT 50$? download juno walllet and make an account.. then type inï»¿ this code KY2441576 to get 50 dollars to buy amazon xbox itunes cards etc...,144,0,hobo man,RYW2DylC9UxnjQ8yqhrFzQ,UCRYW2DylC9UxnjQ8yqhrFzQ
YESiWySYCZWhZhcSAiCKz5ZtpYzfpyIZQYlTYRdXIR0,2013-10-20T04:04:26,2013-10-20T04:04:26,omg!!!ï»¿,omg!!!ï»¿,7,0,xVamPiro makoto,i9eWqK1HSfhcI0yRzOhfFQ,UCi9eWqK1HSfhcI0yRzOhfFQ
YESiWySYCZXp0CSbd8KKDdheObRgxNpayOXtK9YbkiU,2013-10-20T03:39:43,2013-10-20T03:39:43,The only unboxing ...,The only unboxing video I've found...ï»¿ and it's in German,57,0,TallThoma5,TallThoma5,UCkGHPLsoSZr4d0HjHX1bCvA
YESiWySYCZWgyLYy5FuLaM_ecvLFNU8NayVmvVO_bMU,2013-10-20T03:37:14,2013-10-20T03:37:14,Ù†Ø²Ù„ Ø¹Ù†Ø¯Ù‡Ù… Ù…Ù†ï»¿ Ø£ÙˆÙ„ ...,Ù†Ø²Ù„ Ø¹Ù†Ø¯Ù‡Ù… Ù…Ù†ï»¿ Ø£ÙˆÙ„ Ø¨Ø³ Ø¹Ù†Ø¯Ù†Ø§ Ù„Ø³Ø¹ Ù…Ø§Ù†Ø²Ù„,36,0,qmash50,qmash50,UCydQv672kPy3uoXxL_1t9Zg
YESiWySYCZUADnbW151KR1gdMIk0A-kLoqzMl5zM1xE,2013-10-20T02:52:43,2013-10-20T02:52:43,Ø§Ø­Ø³Ù† Ø´ÙŠ Ø§Ù†Ù‡ ÙŠØ¬ÙŠ ...,Ø§Ø­Ø³Ù† Ø´ÙŠ Ø§Ù†Ù‡ ÙŠØ¬ÙŠ Ø±Ø®ÙŠØµ 1800 Ø±ÙŠØ§Ù„ ÙŠØ§Ø³Ù„Ø§Ù… Ø§ÙˆÙ„ï»¿ Ù…Ø§ÙŠÙ†Ø²Ù„ Ø±Ø§Ø­ Ø§Ø®Ø°Ù‡,58,0,Ø¹Ø§Ø¯Ù„ Ø§Ù„Ø¹Ø§Ø¯Ù„,adel123966,UCDAI8YfdteiXlrMfCQQgz5A
YESiWySYCZWLLcp3nDXT-HeEVWVqkLlS07QCu2JtNXY,2013-10-20T00:47:57,2013-10-20T00:47:57,PS3ï»¿ 4 life,PS3ï»¿ 4 life,11,0,MurryPROz,MurryPROz,UCwoNGujT7GgDS-8jzRhLFDg
YESiWySYCZVnakpDujaWMTJbaWdYNjyvT1io4dYCkBQ,2013-10-20T00:47:05,2013-10-20T00:47:05,Ø§ØªÙˆÙ‚Ø¹ Ø§Ù† Ø¨ÙŠÙƒÙˆÙ† ÙÙŠÙ‡ ...,Ø§ØªÙˆÙ‚Ø¹ Ø§Ù† Ø¨ÙŠÙƒÙˆÙ† ÙÙŠÙ‡ Ø§ØµØ¯Ø§Ø±Ø§Øª  Ø²ÙŠ Ø³ÙˆÙ†ÙŠ 3  ï»¿ ÙˆØ§ØªÙ…Ù†Ù‰ ÙŠÙƒÙˆÙ†  Ù…ÙˆØ¬ÙˆØ¯,59,0,TNTKSAGAMER,hI-PnAtInNKPkwXXvL0pVQ,UChI-PnAtInNKPkwXXvL0pVQ
YESiWySYCZUow9LovK9RzmZzoE5AH07ObEbUTEaZ_2M,2013-10-20T00:14:17,2013-10-20T00:14:17,SONYï»¿ vai se fuder ...,SONYï»¿ vai se fuder e aproveita e enfia essa merda no cu!,56,0,Hicks307,Hicks307,UC5C2swu3KALbof9oA_mo1Gw
YESiWySYCZUutqeTl7tbY4d4I1_P6DVH7X7F2ADOFGM,2013-10-19T23:15:39,2013-10-19T23:15:39,1- Turn On Captions ...,1- Turn On Captions 2- Press Translate Captions 3- Choose English   Thumbs up so people canï»¿ see this !,103,0,2much2teach,2much2teach,UC_23zbXvQKZw5LkIWcLuQQg
YESiWySYCZUZa0cylDBG8MlTMnh2xV9SnX5evzGv6iI,2013-10-19T23:07:06,2013-10-19T23:07:06,use the youtube ...,use the youtube translation from the bottom right...to translate theï»¿ german subs!!!,84,0,Dimitris Aidis,PSVitaUnCut,UCXdGdnRJDEILfXjgcl_lMvg
YESiWySYCZXdceZCzjeJnx_l67Y9c6dv3f9hk38k1TA,2013-10-19T23:03:06,2013-10-19T23:03:06,This guy is like ...,This guy is like oooooo PS4...Then the Germanï»¿ cums starts.....!!! :-),70,0,Dimitris Aidis,PSVitaUnCut,UCXdGdnRJDEILfXjgcl_lMvg
YESiWySYCZXyFUcQQ2U5IJnQhaGC2lC4BWh3B_obIec,2013-10-19T22:59:11,2013-10-19T22:59:11,I assume he knows ...,I assume he knows english since he was speaking it in the iPhoneï»¿ DS video  they should have a english version...,113,0,Peter Sampson,pjs4321,UCaRXiY93gEXOscwEqZzJ-zg
YESiWySYCZXt_wnpxLBxW6bnfm75Dfk7FrTVO99KQe8,2013-10-19T22:13:34,2013-10-19T22:13:34,Kunutch adubï»¿ alaha ...,Kunutch adubï»¿ alaha kokot denui mirref kutch-ku????,51,0,SuperBiggz187,SuperBiggz187,UCcGlvD7ZvQbSA4S0DvmvwSQ
YESiWySYCZWwJaEiDcAr93ryDwM69uGHUQNncbUTbr0,2013-10-19T22:12:25,2013-10-19T22:12:25,Fo' sure! :P Hey ï»¿ ...,Fo' sure! :P Hey ï»¿ I just noticed... the guy looks like Robert Englund. (Freddy Krueger lol.),93,0,iiU2,iiU2,UCJ5M1t6XHTIRxy6l6k7BaZg
YESiWySYCZUlBNzN9_rga4fENtJ-Dtis9zg5ayoscB0,2013-10-19T22:11:50,2013-10-19T22:11:50,HOT HOT HOT HOTï»¿,HOT HOT HOT HOTï»¿,16,0,Soriology,Soriology,UC7S1XEwuMjG7881RSX8Cp-w
YESiWySYCZWGlZt3qf8JRwvuhAh_qecixpoBJ4GFTBo,2013-10-19T22:07:47,2013-10-19T22:07:47,why cant they have ...,why cant they have anï»¿ ENGLISH VERSION,38,0,Chase Byrd,chaser4251,UCoc2lxTwmBsqLy0neLgEf-Q
YESiWySYCZXMOssd-Q_Aj3kMPTx57qIPbDk-eHaCSjk,2013-10-19T22:02:16,2013-10-19T22:02:16,i see you watch ...,i see you watch awesome video gamesï»¿ as well XD,47,0,jayjay leung,PaitPait1,UC4xpXGMGYbCPH9QsRuTIoAg
YESiWySYCZWZN5T89KaIr2YwP6B2AYc6KWI1cSEbwp8,2013-10-19T22:00:46,2013-10-19T22:00:46,So hotï»¿,So hotï»¿,7,0,Thelegend775,Thelegend775,UCshJ81a7AyAGjhBiqI1jGbA
YESiWySYCZVODtmcImNR5Z-Z-ZR4SP7yvbOW3EKs5A4,2013-10-19T21:59:25,2013-10-19T21:59:25,amazing my friend ...,amazing my friend thank you forï»¿ making this video,50,0,Vacha,Vacha321,UC17VLifSknTX8n2JdqhSwpg
YESiWySYCZVZ9RVlS5-OtGMAjPVbE81wGTca3wX7LF0,2013-10-19T21:57:37,2013-10-19T21:57:37,Yeah his ...,Yeah his expressionï»¿ translate to English "OMG"and that breathing hr must to have a boner,89,0,bart stec,NgVD3Ym0T0vgR-Gdn9INHQ,UCNgVD3Ym0T0vgR-Gdn9INHQ
YESiWySYCZWaoNLyYOraT7alyb7Vx1sdePj1ak_Wulo,2013-10-19T21:34:02,2013-10-19T21:34:02,Or they can payï»¿ ...,Or they can payï»¿ 800$ cheaper and unplug the Kinect.,52,0,stephree90,stephree90,UCF4Vf6rEBrSVzfwhffIDDUg
YESiWySYCZX9cLTzDhGhtHPkf9pdQ7_TwZQaA_Xpt1M,2013-10-19T21:28:55,2013-10-19T21:28:55,Can'tï»¿ wait :)))),Can'tï»¿ wait :)))),17,0,M7AMMD3LI,M7AMMD3LI,UCEvAYgQluNg1DFOdGWVEvHg
YESiWySYCZVdSuCi9CFAVZT88jPIVdg6xSjzgKKSzM4,2013-10-19T21:25:33,2013-10-19T21:25:33,why?ï»¿,why?ï»¿,5,0,Raheezyy,Raheezyy,UCK5NyRnFrQUv3O21L7nR5ZA
YESiWySYCZWuXajx_RiOYvbfy_RZ2aiYwO6cXNTBvj0,2013-10-19T21:17:57,2013-10-19T21:17:57,fuck  nov 15 can't ...,fuck  nov 15 can't come soon enoughï»¿,36,0,Raheezyy,Raheezyy,UCK5NyRnFrQUv3O21L7nR5ZA
YESiWySYCZWDrk8AUNgdhfN-Kf21kXRvkMxPBDZZVIE,2013-10-19T21:03:50,2013-10-19T21:03:50,Germanï»¿,Germanï»¿,7,0,lonewolf604,lonewolf604,UCBeMUCyUot6VgoIwUvPy9bw
YESiWySYCZXyfnGvFfWWiX9C_ZnxlIDbeESylttsQLk,2013-10-19T21:00:57,2013-10-19T21:00:57,SUBSCRIBE TO THIS ...,SUBSCRIBE TO THIS CHANNEL FOR PLAYSTATION 4 CONTENT COMINGï»¿ SOON!,65,0,TheFitzy97,TheFitzy97,UCsJbfpdpxH9vr2YWlrOqyWA
YESiWySYCZUpl1zl3KFiQbn6UnT9QlVu_f9_1kh8LLw,2013-10-19T20:24:12,2013-10-19T20:24:12,Ø¨Ø´ØªØ±ÙŠØ© Ø§ÙˆÙ„ Ù…Ø§ï»¿ ÙŠÙ†Ø²Ù„ ...,Ø¨Ø´ØªØ±ÙŠØ© Ø§ÙˆÙ„ Ù…Ø§ï»¿ ÙŠÙ†Ø²Ù„ Ø§Ù†Ø´Ø§Ù„Ù„Ù‡,27,0,raslminia,raslminia,UCeGdaYLKDL6aZgstj7MgmBQ
YESiWySYCZUd6Lh_i1CGwSCYH-zysYmX7EakAgcLBGA,2013-10-19T20:19:49,2013-10-19T20:19:49,ÙŠØ§ Ù„Ø¨ÙŠÙ‡ ÙÙ„Ù‡ Ø¨Ø³ Ø§Ù„Ù„Ù‡ ...,ÙŠØ§ Ù„Ø¨ÙŠÙ‡ ÙÙ„Ù‡ Ø¨Ø³ Ø§Ù„Ù„Ù‡ Ù‡Ùˆ Ø§Ø¹Ù„Ù… ÙƒÙ… Ø³Ø¹Ø±Ù‡ :)ï»¿,39,0,Ø³ÙŽØ¢ÙÙ‡Ù‹Ø±Ù Ø¢ÙÙ„Ù‘Ù„Ù‘ÙŠÙÙ„Ù‘,mmaaaa85,UCPX4hJgJx2ROJZrRZEbCE9g
YESiWySYCZUpfFel25Vf0EWZq3uf7qfqGrZsToxtdN8,2013-10-19T20:16:17,2013-10-19T20:16:17,didnt understand a ...,didnt understand a wordï»¿ he said but i still watched the whole vid  cant wait to unbox my ps4,93,0,Edgar Venzor,supercoolfreaks,UCKjWAjwW4X3lJzmitLcZmKA
YESiWySYCZVoNoYFPkUu0FKGmrwT56fQRpqHTCCk0Is,2013-10-19T19:49:24,2013-10-19T19:49:24,Playstationï»¿ vier   ...,Playstationï»¿ vier   sound so much cooler than saying four,57,0,BmoreBirds22,BmoreBirds22,UCSj21NqbTDkPTU-VR395fvw
YESiWySYCZW4AZXgKgslgeuVJMgFxTw44pl3U_IWdFY,2013-10-19T19:48:18,2013-10-19T19:48:18,ÙˆØ§Ø§Ø§ÙˆÙˆÙˆï»¿ Ø¨Ù„Ø§Ø³ØªÙŠØ´Ù† 4 ...,ÙˆØ§Ø§Ø§ÙˆÙˆÙˆï»¿ Ø¨Ù„Ø§Ø³ØªÙŠØ´Ù† 4 Ø´ÙƒÙ„Ù‡ Ø®ÙˆØ±Ø§ÙÙŠÙŠ,32,0,AZiZ x GaMeR,OklzENDxDestroy,UCO0yxxZL7LmmNerf1Esdsjg
YESiWySYCZXj_Hg8gFf7G8ixdE-UX9IJN6qxmNgL3tM,2013-10-19T19:48:04,2013-10-19T19:48:04,Germanï»¿,Germanï»¿,7,0,BmoreBirds22,BmoreBirds22,UCSj21NqbTDkPTU-VR395fvw
YESiWySYCZXEeu0ejTotFmWZrIBbgBUXNLWmwCYBsBc,2013-10-19T19:37:57,2013-10-19T19:37:57,thats theï»¿ premium ...,thats theï»¿ premium brazilians pay for to not get spied on with kinect =P,72,0,fpsd0minat0r,fpsd0minat0r,UCABL-sD5dpsbg-zGhtafFaA
YESiWySYCZUOKAcCe2afViwpdfESnJ-LvEVySm1Spco,2013-10-19T19:29:38,2013-10-19T19:29:38,how did he get hold ...,how did he get hold of the worlds best console and can anyone tell me which language he isï»¿ speaking,100,0,Ameer Biju Gafoor,2Lv0yt99S1RBuVlmLkheNA,UC2Lv0yt99S1RBuVlmLkheNA
YESiWySYCZWlevHGASEnG2PZkTSRm5ome3URMaiLh4E,2013-10-19T19:19:34,2013-10-19T19:19:34,ÙŠØ§ï»¿ Ø³Ù„Ø§Ø§Ø§Ù…,ÙŠØ§ï»¿ Ø³Ù„Ø§Ø§Ø§Ù…,10,0,saloohyugi,saloohyugi,UCn-mNG5C8UUx3pA1qOlcFHg
YESiWySYCZXVXVMFZCZpO0cFP7tAY_V-63bh7HpSxyU,2013-10-19T19:12:27,2013-10-19T19:12:27,i dont have to ...,i dont have to understand toï»¿ see the sexyness that is the ps4 :),65,0,whyflybolt,whyflybolt,UCrQdSngAlk4oP-YMbs7zffQ
YESiWySYCZWFczPvi_af4jFVptWZGNfsCi5VKcW5eas,2013-10-19T19:08:10,2013-10-19T19:08:10,Achso und reg dichï»¿ ...,Achso und reg dichï»¿ mal nicht so auf!Das ist nur ne Spiele Konsole!ðŸ˜ƒ,69,0,Funbeenif,Funbeenif,UC41uPZA35zgjfryrenKV1hw
YESiWySYCZVzlsiTS1eS_wDNr0bNToIQHCkQj0cl-T4,2013-10-19T19:03:57,2013-10-19T19:03:57,Ja....abï»¿ wann ...,Ja....abï»¿ wann kommt die denn genau in den Handel?,50,0,Funbeenif,Funbeenif,UC41uPZA35zgjfryrenKV1hw
YESiWySYCZVDWWjcYMMpwkj-6__oz2QpZMQ6UMIrg1c,2013-10-19T18:50:16,2013-10-19T18:50:16,Sorry man but i had ...,Sorry man but i had toï»¿ mute...,31,0,GummySzatek,GummySzatek,UCOpq5WTbAczaaJ8pwVjtz-w
YESiWySYCZXaCMLnBJ0xpuq3TGJWisjcH-sqQMOP2CA,2013-10-19T18:22:01,2013-10-19T18:22:01,Bisher sieht die ...,Bisher sieht die PlayStation 4 amazing! Kann es kaum erwarten!ï»¿,63,0,ThatCoolguy5858,ThatCoolguy5858,UCo6lNyzR7TmTwyWTd4oUEsA
YESiWySYCZX3PZNVxx_cHrLr0wfZsLod1__C9a0FZOE,2013-10-19T18:19:53,2013-10-19T18:19:53,nein 1350ï»¿ euro,nein 1350ï»¿ euro,15,0,Viddi Viddox,xViddox,UCzSEZosS26KftTfpWlWW6gA
YESiWySYCZWL2QEgR86hU4tfltiUq11WG4iDTlCi2yE,2013-10-19T18:11:55,2013-10-19T18:11:55,Sony quer PS4 no ...,Sony quer PS4 no Brasil porï»¿ menos de R$1000  fizeram a festa e etc Tempos depois... PS4 custarÃ¡ 4000 dilmas  HAHAHA chupa quem mandou acreditar,144,0,Matheus Lacerda,MatheusLB2009,UCPtdE_fbr0pEvjacniMKNsA
YESiWySYCZX3yIH5DX0XlyaksuG-UwdHXCGqmR9HvGU,2013-10-19T18:10:05,2013-10-19T18:10:05,whatï»¿ about it? ;/,whatï»¿ about it? ;/,18,0,TheDeathKillerx .,TheDeathKillerx,UC_kTU7bpe2f4q2vM6rOsXWA
YESiWySYCZVPGy0Sh5aRStN5-AYcvDZHGsz3IWCYFhk,2013-10-19T18:09:44,2013-10-19T18:09:44,OMG! areï»¿ you for ...,OMG! areï»¿ you for real bro? bloody hell,39,0,TheDeathKillerx .,TheDeathKillerx,UC_kTU7bpe2f4q2vM6rOsXWA
YESiWySYCZVU5xYGb4WhZwr6RAUs40I_wpgngx2xs34,2013-10-19T17:59:12,2013-10-19T17:59:12,Geil ï»¿,Geil ï»¿,6,0,damiendayx,damiendayx,UC2Zpc6hh5OHIJzcaAFupj3Q
YESiWySYCZWMj6FfKNjO1iU3H0_TC6vJ4hyoDTr1KuE,2013-10-19T17:30:40,2013-10-19T17:30:40,Ø´ÙŠï»¿ ÙƒØ¨ÙŠØ± ÙŠØ§Ø¹Ù…Ø±ÙŠ,Ø´ÙŠï»¿ ÙƒØ¨ÙŠØ± ÙŠØ§Ø¹Ù…Ø±ÙŠ,15,0,Ø§Ø¨Ùˆ Ø¹ÙˆØ¶ Ø§Ù„Ø¹Ù†Ø²ÙŠ,5O75QDz6TyVFvFYRlP_IxQ,UC5O75QDz6TyVFvFYRlP_IxQ
YESiWySYCZXGDfn7RSbiLJ26mJSJfhTy404h3LaHrc4,2013-10-19T17:26:43,2013-10-19T17:26:43,He isï»¿ lucky,He isï»¿ lucky,12,0,Jeffrey jeffreygarcia54@hotmail.com,monkeyjeffgarcia,UCioC6SZkFbs-7zfO3BjU8RQ
YESiWySYCZXagxyLjGTJ7yqLsgvb-M4KN8JvxU7-Wh0,2013-10-19T16:56:56,2013-10-19T16:56:56,The look on the ...,The look on the guys face is allï»¿ the translation that is needed.,65,0,Sangor,Sangor,UChKOjV9f99FQDARI_bYMwoA
YESiWySYCZV7DNmfTEVs8WUHSNxuCPIRok-lhmOO46Q,2013-10-19T16:50:08,2013-10-19T16:50:08,... " hier mÃ¼sste ...,... " hier mÃ¼sste die CD (!)ï»¿ reingehen ... das ist der CD-Schacht (!!!)" ...  ich brÃ¼ll mich nieder ... hahahaha,113,0,Markus Mor,mm69at,UCrczaCnpBX_vuuaW4XHClUQ
YESiWySYCZWnGkNdTC8WoguRRr9yebwgWKyFwfJVETk,2013-10-19T16:48:15,2013-10-19T16:48:15,hahahahaaaaaaaaa.. ...,hahahahaaaaaaaaa.. ich hab mich selten derart gut unterhalten wie mit diesem Video ... die Gestik  Mimik und die geilen SprÃ¼che ("die PS4 ... ich bin unwÃ¼rdig" .... LOL)  machen mich fast dieï»¿ Spielekonsole vergessen ...,220,0,Markus Mor,mm69at,UCrczaCnpBX_vuuaW4XHClUQ
YESiWySYCZWfxEDSNkXWOUrTmnFnEm6Fbg7fMEQPMjA,2013-10-19T16:19:44,2013-10-19T16:19:44,Geil!ï»¿,Geil!ï»¿,6,0,LetsPlayOaC,LetsPlayOaC,UCwToQeC7Lejr6rN2xoGqgEw
YESiWySYCZWAXbNGyElNjfZbyrmw8T4GIOfBnmlk398,2013-10-19T15:58:06,2013-10-19T15:58:06,Cost 4000 in brazil ...,Cost 4000 in brazil hahaha holy shit feelï»¿ bad for them Murcia,62,0,Daniel M,SuperDanielm13,UCMLvwxVNqELIUbTSmrb9DmA
YESiWySYCZWNpp5WTS4lXwczFGuq3Edgz-3291Hyhz4,2013-10-19T15:53:23,2013-10-19T15:53:23,HUEHUEHUEHUEHUE 4k ...,HUEHUEHUEHUEHUE 4k WE WILL NOTï»¿ FORGET!!,40,0,Daniel Henrique,hitomiproxy01,UCoIzL1I67Cc4ORPvqhAPpZQ
YESiWySYCZXRWxtimW7UITUc9HRM7X4p3MDIZzXFE6Q,2013-10-19T15:09:25,2013-10-19T15:09:25,Woahï»¿ Very lucky!,Woahï»¿ Very lucky!,17,0,Samilizzz,Samilizzz,UC4kyPNi7SwIp9hW6fDj7WRw
YESiWySYCZX_mFaW2UEVIrmZumboyiozq9owzGlZ3mQ,2013-10-19T15:06:27,2013-10-19T15:06:27,Ð“ÐžÐ’ÐÐ˜Ð©Ð• Ð¡Ð¡ÐÐÐžÐ•ï»¿,Ð“ÐžÐ’ÐÐ˜Ð©Ð• Ð¡Ð¡ÐÐÐžÐ•ï»¿,15,0,ÐÐ»ÐµÐºÑÐ°Ð½Ð´Ñ€ ÐÐ±Ð´ÑƒÐ»Ð¾Ð²,SNHgqxsXElVcsYi9-RWE0A,UCSNHgqxsXElVcsYi9-RWE0A
YESiWySYCZVbqv8tuHYPx131zFCo3lgRLZH3EhSdN8M,2013-10-19T14:55:17,2013-10-19T14:55:17,Wow  this isï»¿ the ...,Wow  this isï»¿ the one video on Youtube where the translation captions actually work well 0.0,92,0,Daikenki11,Daikenki11,UCLjM_6AbOW9pi42UUT3LN5Q
YESiWySYCZUS_92uzTrY7OXrWJHJgJhTtBwMmmjLlg0,2013-10-19T14:24:52,2013-10-19T14:24:52,E o Brasil acha que ...,E o Brasil acha que vou pagar R$ 4.000 00 Nisso tao simples quanto os outros!!!!ï»¿,81,0,Will PaRaDiSe,willianfinotto1,UC1hh1tvjA8pmZnY8i8dnlPA
YESiWySYCZU6TXABSuXtzbK4YNKGbsTaip9PhcKaxgY,2013-10-19T14:20:53,2013-10-19T14:20:53,Brazilians 700%ï»¿ ...,Brazilians 700%ï»¿ tax rate lmao,30,0,TutorialTime2000,TutorialTime2000,UCnm9tjP-kzU-z0tDj8bGq2w
YESiWySYCZXRojE2H9eFOA7XPeqKrvOnD7wtT9FSJIU,2013-10-19T13:30:28,2013-10-19T13:30:28,Nem compra o Xbox ...,Nem compra o Xbox One  eraï»¿ pra ser uns 1100 reais  ai o governo enfia os impostos nos vossos cÃº's e dobra o preÃ§o.,115,0,N4rutoG4amer,N4rutoG4amer,UCj7c6LXOIV-i4IsgnZx3KeQ
YESiWySYCZVcZaEwExc_kRqcbx7Sg_9UUxX3w3I7ga0,2013-10-19T13:06:54,2013-10-19T13:06:54,"T1000"... not a ...,"T1000"... not a good sign.ï»¿,28,0,murfad,murfad,UCkPEm_Gml4WQrq3d1FS6z1g
YESiWySYCZXUBkLZbWqBz0xQdsMvzZEt-3MekWuN4rg,2013-10-19T13:02:35,2013-10-19T13:02:35,und schonï»¿ ...,und schonï»¿ angeschlossen? das wÃ¼rdenï»¿ wir gern sehen,52,0,Bj Commander,8-ig0gYmJT5l1nTcf0BaVQ,UC8-ig0gYmJT5l1nTcf0BaVQ
YESiWySYCZUL_D-NuIe6FV-UKAMTFc0xbLO135ycURU,2013-10-19T12:48:17,2013-10-19T12:48:17,Lukyï»¿,Lukyï»¿,5,0,Jonathan Verduga,paA3mWyaxkxiDq2WnmAARg,UCpaA3mWyaxkxiDq2WnmAARg
YESiWySYCZULyr-AAgTamBLYfPjr4NkFYk63n4X5aQ4,2013-10-19T12:48:10,2013-10-19T12:48:10, ...,Llllllllllluuuuuuuuuuukkkkkkkkkyyyyyyyyyï»¿,41,0,Jonathan Verduga,paA3mWyaxkxiDq2WnmAARg,UCpaA3mWyaxkxiDq2WnmAARg
YESiWySYCZVLw4JQvKa-A2-h8JLQxT4Gbc5GMyG3R04,2013-10-19T11:26:28,2013-10-19T11:26:28,unbelievable  the ...,unbelievable  the price of ps4 in Brazil is the world's most expensive costing about USS$ 2 000. Brazilians areï»¿ disappointed with sony ..,138,0,ninjsu,ninjsu,UCHrgn48gWr3YqYwjxYQKk3g
YESiWySYCZViPpU7awKkMxmQcRIAGx124JVwrus346I,2013-10-19T13:01:11,2013-10-19T13:01:11,not fault by sony  ...,not fault by sony  fault isï»¿ at the government Brazil. xbot,59,0,DeepBlueSkyy,DeepBlueSkyy,UCbt96i6DFGfwCJj9zQw4HwQ
YESiWySYCZXTkA_FV-Jkb_EZfQfvP5wHozXoM8g3r8w,2013-10-19T13:14:47,2013-10-19T13:14:47,Xbox One in Brazil ...,Xbox One in Brazil is about $1000 dollars  Ps4 is almost theï»¿ same for $1850.,77,0,Bruno Alves,BrunoSep182,UCdroUXK5frjtc20Vq2-NdSw
YESiWySYCZWNlepEEmVz83k2AkmZJzAI-aEg_5Mw1Ts,2013-10-19T11:07:59,2013-10-19T11:07:59,Erhat die ps4 von ...,Erhat die ps4 von sony ichï»¿ glaub er wa schon berlin ist es und du kannst es ausbobieren,88,0,Mirlind dalipi,gxFTpkdraTvXx1UaT7QqUw,UCgxFTpkdraTvXx1UaT7QqUw
YESiWySYCZXzctAsbFfU1jpD4bdoMo9I7V-LujnzoGU,2013-10-19T11:04:41,2013-10-19T11:04:41,Damn those lucky ...,Damn those lucky Germans  always getting the best thingsï»¿ first.  (; _ ;)  *shakes fist*,88,0,British Blue,BritishBlue1,UCWU8PqO4Z9IrgXajD6q2PBQ
YESiWySYCZX1DLonuLaA0dTPV7eUX-UyDSJ1NXKZ_Dw,2013-10-19T10:40:25,2013-10-19T10:40:25,In Greece they say ...,In Greece they say it will only cost 400â‚¬. Good forï»¿ us ;),58,0,StiflerDaGod,StiflerModz,UCPIkadmMgSiUxN8mBX4bkuQ
YESiWySYCZXyxwTJ7tRieVFhM_xKHex2V5K02MdVpIw,2013-10-19T11:02:23,2013-10-19T11:02:23,koita sto plaisio ...,koita sto plaisio vgikan kaiï»¿ bundles!!!kai sta public!!!  ;),61,0,Dimitris Aidis,PSVitaUnCut,UCXdGdnRJDEILfXjgcl_lMvg
YESiWySYCZVoWD4WlQLIRqasgaHPorpd7gQEBqW4x_w,2013-10-19T10:02:30,2013-10-19T10:02:30,weirdï»¿ porn,weirdï»¿ porn,11,0,Royal Flash,RoyalFlash1771,UC-mEXBQalNMMf6myotz0H4Q
YESiWySYCZVA4koB3yRibu8kVqhNxWG_b1qSpSCPUeQ,2013-10-19T09:43:05,2013-10-19T09:43:05,und headset sind ...,und headset sind auch keine in ear was fÃ¼r ein narr bistï»¿ du Ã¼berhaupt,70,0,Balkans Pate,MsDc88,UCXz468SIHhKYYBm-wyPAJKw
YESiWySYCZUV3LQO4hpyLltHLKv4EOwYDS5JZUTNpDA,2013-10-19T09:41:53,2013-10-19T09:41:53,du hast keine ...,du hast keine ahnung r 2 r 1 undï»¿ so unerfahren,47,0,Balkans Pate,MsDc88,UCXz468SIHhKYYBm-wyPAJKw
YESiWySYCZWjWqfsrmFh4lrRFOdoJb0wUbKaOL6TiHI,2013-10-19T09:33:45,2013-10-19T09:33:45,Eine Dex Ps4 *.* ...,Eine Dex Ps4 *.* Will haben ! Retail no ...ï»¿,44,0,xGermanGamers,xGermanGamers,UC36GESo5CwL5zjIw8kyik1g
YESiWySYCZXsfMXXO5bh2ft9tkS7GoAFl_Ge8fYg7BQ,2013-10-19T09:23:01,2013-10-19T09:23:01,naja am 15 November ...,naja am 15 November (oder 1-2 tageï»¿ frÃ¼her) macht jeder ami so ein video ^^ haben wir erstmal genug material,108,0,methodman1983cr,methodman1983cr,UC_Y02XPgoureR2MVxMvobCg
YESiWySYCZUUjfeQHdGQm7m5s4GHVflcmok-SqoWVw0,2013-10-19T08:10:12,2013-10-19T08:10:12,Wieso hast duï»¿ die ...,Wieso hast duï»¿ die schon???,27,0,Elias Diederichs,DO4jEuUv1WOUIzdncsJ9nQ,UCDO4jEuUv1WOUIzdncsJ9nQ
YESiWySYCZXFHJAQGMJ2IOAGyoBg54trev3K1ovn3fo,2013-10-19T08:09:56,2013-10-19T08:09:56,Wieso hast du dieï»¿ ...,Wieso hast du dieï»¿ schon???,27,0,Elias Diederichs,DO4jEuUv1WOUIzdncsJ9nQ,UCDO4jEuUv1WOUIzdncsJ9nQ
YESiWySYCZWROo9zjmwTiF3RA-ht7y9j2YYFsEXdk60,2013-10-19T08:09:52,2013-10-19T08:09:52,Wiesoï»¿ hast du die ...,Wiesoï»¿ hast du die schon???,27,0,Elias Diederichs,DO4jEuUv1WOUIzdncsJ9nQ,UCDO4jEuUv1WOUIzdncsJ9nQ
YESiWySYCZUEq8DxvA28W8wglmOKAAw9p9DyyFetMIU,2013-10-19T08:01:48,2013-10-19T08:01:48,LoL you're SOOOOOOO ...,LoL you're SOOOOOOO FUCKEDï»¿,27,0,Souheil Lemkhir,4vZsJm3XvP6DXlUtLPOlHw,UC4vZsJm3XvP6DXlUtLPOlHw
YESiWySYCZUtY1m0Sc-jqcdxJiLOZk8iqv-tlLO7zmE,2013-10-19T07:50:49,2013-10-19T07:50:49,The generator is ...,The generator is fake! Notï»¿ working at all! However you can get Real working Free $50 PSN codes here ---> mediafire.ï½ƒom/?pqq7ai64nxnw8xy<---,140,0,michelleclark9719,michelleclark9719,UCrHzJGvkTwL1-6H2UEkdRvA
YESiWySYCZVRKDrtJ9XEwP1SXQoAHB6nqnUlSJYpzqY,2013-10-19T05:59:10,2013-10-19T05:59:10,Thatï»¿ is impossible ...,Thatï»¿ is impossible  you don't have Toys R Us or online Amazon?,63,0,catfoodv,catfoodv,UCa8aXuCQf6zVla7H-O0tOcA
YESiWySYCZV_7bRC4DlSnsiZe3lIwqNhgK_tDjtMDcA,2013-10-19T05:18:44,2013-10-19T05:18:44,Mas o pior Ã© que se ...,Mas o pior Ã© que se o console dele for mesmo uma versÃ£o de desenvolvedor  ele pagou bem mais caro  se nÃ£o for engano meu sÃ£o 2.500 dolares ou reais( acho que sÃ£oï»¿ dÃ³lares mesmo),177,0,Daniel Miller,WNBGWYRp9zYm3qTZN_SH0Q,UCWNBGWYRp9zYm3qTZN_SH0Q
YESiWySYCZWVJWohoFHtkIvI0obotfTx6j-31pSv8-Q,2013-10-19T05:18:08,2013-10-19T05:18:08,Mas o pior Ã© que se ...,Mas o pior Ã© que se o console dele for mesmo uma versÃ£o de desenvolvedor  ele pagou bem mais caro  se nÃ£o for engano meu sÃ£o 2.500 dolares ou reais( acho que sÃ£o dÃ³laresï»¿ mesmo),177,0,Daniel Miller,WNBGWYRp9zYm3qTZN_SH0Q,UCWNBGWYRp9zYm3qTZN_SH0Q
YESiWySYCZVHl4y9hsemmQFvcWL2HCneA9AFtKIJS84,2013-10-19T05:16:43,2013-10-19T05:16:43,GAMEVICIO nÃ©??? mas ...,GAMEVICIO nÃ©??? mas Ã© verdade  Ã© estupidamente ridiculo este preÃ§o  eu vouï»¿ importar  e acho q vc e quem quer comprar o PS4 deveria fazer o mesmo!!!,148,0,Daniel Miller,WNBGWYRp9zYm3qTZN_SH0Q,UCWNBGWYRp9zYm3qTZN_SH0Q
YESiWySYCZX3T5X4L5XQY5WNulATxgW3SdkSBXcR2Hw,2013-10-19T04:44:53,2013-10-19T04:44:53,Billigerï»¿ ...,Billigerï»¿ Plastikdriss,22,0,Kite Man,rainerschulke,UCKed_E3QpOCY658xUv4zgkQ
YESiWySYCZXsK-eIZ2pQ5lw8iJ3rBxLHmbAN4d1bOn4,2013-10-19T04:07:29,2013-10-19T04:07:29,A inveja Ã© foda nÃ©? ...,A inveja Ã© foda nÃ©?? kkkkkkk Ã© cumpadi  ou compra um Xone ou um PC gamer!! Ou seja trouxa e dÃª a bunda pra Sony ï»¿ kkkkkkk,121,0,Thesroth,Thesroth,UCNE3xKQDgt9DMM_ndSkZJHg
YESiWySYCZWSMx3rPtBH_KZqWO_CsuRFTEPfz2-Zxno,2013-10-19T04:05:56,2013-10-19T04:05:56,Brasileiros ...,Brasileiros negativando o vÃ­deo em 3 2 1 ....ï»¿ kkkkkkkk!!,57,0,Thesroth,Thesroth,UCNE3xKQDgt9DMM_ndSkZJHg
YESiWySYCZVRwRA2U_Z8EYLLk_RcRoiD6Sjns9UIMnY,2013-10-19T03:08:46,2013-10-19T03:08:46,why xbox1 ï»¿ is big ...,why xbox1 ï»¿ is big and need a power-supply-brick outside and higher price ?  I think sony knows what is  good design,116,0,lionattackyoutobe,lionattackyoutobe,UC6l_qECwMdPOXbsyDfX0hNw
YESiWySYCZWdBg701r36qFywip0cvPOBt4Mw9hEZz1U,2013-10-19T04:07:11,2013-10-19T04:07:11,I know  theï»¿ PS4 is ...,I know  theï»¿ PS4 is supposed to be more powerful and is two-thirds the size of the Xbox One and it has an internal power brick.  I'm curious on how they even did that.  lol,172,0,TheOnePistol,TheOnePistol,UCMTfGkIcOU4g9iwUSk5ABOg
YESiWySYCZX8LK141qkJ_mcI6HvwMC2g4TYQPX8bGAc,2013-10-19T03:06:13,2013-10-19T03:06:13,You think that's ...,You think that's high?  you get itï»¿ for more than 3000$ US in Venezuela  feel lucky to pay 1.850$ for it.,105,0,AhtenaNoSeinto,AhtenaNoSeinto,UCbTtGDCf36BkzLhTRxJ063Q
YESiWySYCZWcK7htG2uVeOczEyXKJXu0VrqSdZA5Tf4,2013-10-19T02:57:26,2013-10-19T02:57:26,Who the fuck gives ...,Who the fuck gives a shit about you?  Iï»¿ don't wanna start a war over comments  because my last comment makes sense.,116,0,slaq raq,xGhOsTz69,UCrbt4_t6gJtWhTrtv9lKKTQ
YESiWySYCZUyCbhrJdBH6WWszxpGQKtGApF0yfSE6EI,2013-10-19T02:49:15,2013-10-19T02:49:15,br's sucksï»¿,br's sucksï»¿,11,0,Michael Fellipe,fellipemfar,UCB_mXh9Rha0nVJdyI9Oztgw
YESiWySYCZWWeARaSX0b2oDhMRd3YyOnxxCaEhcMkJs,2013-10-19T02:49:11,2013-10-19T02:49:11,br's sucksï»¿,br's sucksï»¿,11,0,Michael Fellipe,fellipemfar,UCB_mXh9Rha0nVJdyI9Oztgw
YESiWySYCZWVXjmAIhPW2aEbrfrWUxmlcdTK2OqNIgQ,2013-10-19T02:34:38,2013-10-19T02:34:38,ã™ã”ã„(^ï½¡^)ï»¿,ã™ã”ã„(^ï½¡^)ï»¿,9,0,kazu CHANNL,PS3HOME130,UCa8ddVYpv3M0B0zh7UTsoyw
YESiWySYCZVf5iXDVU8hxMjuLUxlw5KosmotxVIt46g,2013-10-19T02:18:25,2013-10-19T02:18:25,Who the fuck gives ...,Who the fuck gives a shit about Brazil if you don't live there?ï»¿,64,0,slaq raq,xGhOsTz69,UCrbt4_t6gJtWhTrtv9lKKTQ
YESiWySYCZXcpcc-_8O_l9Cki-dLaDlGtNaOg84yfio,2013-10-19T02:29:13,2013-10-19T02:29:13,Who the fuck gives ...,Who the fuck gives a shit about your stupid comment?ï»¿   You see... everything is relative.,90,0,Claudia Gonzaga,aEzAttcR40CM5W2r1-K7zA,UCaEzAttcR40CM5W2r1-K7zA
YESiWySYCZWmRQAlDQNgscdtHPn0D8hcsYVp-L80SUI,2013-10-19T02:01:43,2013-10-19T02:01:43,#PS4K BRAZIL US$ï»¿ ...,#PS4K BRAZIL US$ï»¿ 1.850.00 UNBELIVABLE !!,41,0,Matheus Vergilio,CJBrMTS,UCh_lN-x0AE7avwtd5cuxgvg
YESiWySYCZWS35FnYmBwhFFkH0Xv4RKxktNaz6jdG30,2013-10-19T01:40:05,2013-10-19T01:40:05,Cheap console ever ...,Cheap console ever YAKï»¿,23,0,oOoAlanWaKEoOo,oOoAlanWaKEoOo,UCqSoW67piFNiNoLgwDD6jTA
YESiWySYCZXE3xKMocJKfS12nLUH4wBqdHm8iXOu2-A,2013-10-19T01:38:44,2013-10-19T01:38:44,i betï»¿ this guy has ...,i betï»¿ this guy has masturbated on ps4 after this videoï»¿,56,0,Ina Pereira,lucbauer,UCvTvjhEl93alH4AYxjNWNJQ
YESiWySYCZXjNgzt_fvpLJkKDlyJWqLZop1x2zgQXJI,2013-10-19T01:34:49,2013-10-19T01:34:49,Its just a testing ...,Its just a testing kit is notï»¿ the real one,43,0,Jose Zamrripa,YbmLhZrt_2xd6byu2eP9WQ,UCYbmLhZrt_2xd6byu2eP9WQ
YESiWySYCZWbJ3zL-qj0YIBDJqY09ef1kU31ZLZpd_I,2013-10-19T01:27:04,2013-10-19T01:27:04,You want know...  ...,You want know... PS4 on Brazil; Hey ï»¿ Sony -'- (â•¯Â°â–¡Â°)â•¯ï¸µï»¿ â”»â”â”»,60,0,popsofdarkness,popsofdarkness,UChQMBQo_A1av9JMZmIRc5ow
YESiWySYCZWgA2hxI4XF_8jAuyMq_GaPELCgvqOiGOs,2013-10-19T01:05:33,2013-10-19T01:05:33,#PS4K BRAZILï»¿,#PS4K BRAZILï»¿,13,0,Paulo Rocha,100PauloPSRBR,UCxLklx0BVVq_nR8Ly-xhX6g
YESiWySYCZX0s5i2MTty0FlZnxqlPVQgfwy0ovT3z0A,2013-10-19T00:04:05,2013-10-19T00:04:05,mano seï»¿ comprar no ...,mano seï»¿ comprar no aikade sai 1600.,36,0,Lucas Marcelino,6FSjMHm1Cgw3Wx1FqfnOmA,UC6FSjMHm1Cgw3Wx1FqfnOmA
YESiWySYCZV89Kig6vV6lQAZ2s8HW-Hd3jy_-_X63rA,2013-10-19T02:36:16,2013-10-19T02:36:16,Todo mundo quer ...,Todo mundo quer curtir a onda de ficar horrorizado por conta do preÃ§o oficial do ps4.   A verdadeï»¿ Ã© que ninguÃ©m nunca comprou um console por preÃ§o oficial  isso nunca fez diferenÃ§a.,182,0,Thiago Possa,Z8FfblPc9A0rtXy_uzdvFQ,UCZ8FfblPc9A0rtXy_uzdvFQ
YESiWySYCZW25o35yC7VhkCEWOaojyAyXytDF7CZm-4,2013-10-18T23:55:04,2013-10-18T23:55:04,How the fuck theï»¿ ...,How the fuck theï»¿ German ass hole got the ps4 ??,48,0,David Jeyzan,rRijoqbMZTJd0E55VI-otg,UCrRijoqbMZTJd0E55VI-otg
YESiWySYCZULedZSNJANIPydaoUhNXsSCepULIUYx34,2013-10-18T23:51:59,2013-10-18T23:51:59,Ele rasgou aï»¿ NOTA ...,Ele rasgou aï»¿ NOTA FISCAL!!!  AAEHAEHAEH!,41,0,Anderson Terra Nova,andersoncraft,UCvYO8foFlsP9nH8dtBxGAFQ
YESiWySYCZXKIMDO_RPrmAiNkTfiSDmA7tmFcSVC_80,2013-10-18T23:45:44,2013-10-18T23:45:44,Can you post a ...,Can you post a video taking it apart and put aï»¿ fisk in it?,59,0,Michael Viec,x5ZnnJzm0AtjXnK0CKdEkA,UCx5ZnnJzm0AtjXnK0CKdEkA
YESiWySYCZXDVve-XsMYeW10dAVtAo1S4fCAtdscy70,2013-10-18T23:32:49,2013-10-18T23:32:49,Falou tudo  um ...,Falou tudo  um bando de retardado chorando por algo como se fosse vital ter um Â¬Â¬ï»¿,82,0,Gabriel Carvalho,DuuckBurg,UCIGD0EiTidhN73Rgt4cWLmA
YESiWySYCZWUzC2opzjRW-xRIUW8JZFvvaf4GgKNk-U,2013-10-18T23:17:47,2013-10-18T23:17:47,How'd you get it ...,How'd you get it early?!ï»¿,25,0,Alphacino1018,Alphacino1018,UCXKVoi5m6QAyXyqQ-DqOMGA
YESiWySYCZXWDNDaMP7W138Wb3a7-kyXyEKymsDF6F4,2013-10-18T23:17:02,2013-10-18T23:17:02,Nem FUDENDO Irei ...,Nem FUDENDO Irei comprar um Ps4  Se fudeuï»¿ Sony  1 a 0 Para o Tio Bill,70,0,Ãtalo dos Anjos,Thezoiys,UCrzKes1bg9nfFGRbbizTOMw
YESiWySYCZU6k54-OFhqToYGaRfyPYU4vWQ-KiSV9G4,2013-10-18T23:12:12,2013-10-18T23:12:12,ParabÃ©nsï»¿ Brasil  ...,ParabÃ©nsï»¿ Brasil  PS4= 4.000 R$  o/,35,0,Ramon Santana,ramonbsm,UCztZP-p-TEfqeKgpogHqABQ
YESiWySYCZXXrBxwlfUgwI87qdPiNloJqjPk_aOavfw,2013-10-18T22:25:32,2013-10-18T22:25:32,= /ï»¿ eu sou br = /,= /ï»¿ eu sou br = /,18,0,Sr FEJAO,GersaoDBZ,UCt9wYHmKejuWEabrxcvkBAg
YESiWySYCZVMczqYkRpZmOb1RFn72L8b-1-iPqlW5yo,2013-10-18T22:25:29,2013-10-18T22:25:29,Iï»¿ don't uderstand ...,Iï»¿ don't uderstand but ohwell,29,0,EndBlend,EndBlend,UCL1Zsv75ZgGiicIs-3cPTDg
YESiWySYCZUUAYA2RBS1BAvSi6XB8t4MMJMTfs6EJgg,2013-10-18T21:45:01,2013-10-18T21:45:01,Brasilï»¿ = PS4 1990 ...,Brasilï»¿ = PS4 1990 dolar,24,0,Zinga115,Zinga115,UCu4O-YfRZ0R6VebL1CMYbpQ
YESiWySYCZUPiflyRdmWtS69CKmp-hfeY-sfJmHgmYc,2013-10-18T21:27:32,2013-10-18T21:27:32,Thank god for ...,Thank god for subtitles ï»¿,25,0,Pyro2010x,Pyro2010x,UC6rBxMu_fmy5_REsVxIH4fw
YESiWySYCZXH32ss9aAWFrtEHnCLKfnWKXIzN7_llkc,2013-10-18T21:22:00,2013-10-18T21:22:00,I DON'T EVEN ...,I DON'T EVEN UNDERSTAND HIM BUT I STILL WILL THUMBS UP THE VIDEOï»¿,65,0,Victor Do,O0KnsES2-gz0ttDLt3xqZQ,UCO0KnsES2-gz0ttDLt3xqZQ
YESiWySYCZXa29sJ9K2ZoYBRcxG9SMc5tVq0pGsGSeA,2013-10-18T21:14:04,2013-10-18T21:14:04,Goï»¿ to hell $ony.,Goï»¿ to hell $ony.,17,0,Diogo Gutierre,drizzith0,UCUbyA-ZsfPemDxJA2DtbruA
YESiWySYCZWvXF6d4u_nkg4qQ9-9iAmiGIPaGdCbNrA,2013-10-18T21:07:49,2013-10-18T21:07:49,PATA PATA PATA ...,PATA PATA PATA PANCAR MOTORU GÄ°BÄ°YÄ°M PATA PATAï»¿ TÃœRKLER BEGENÄ°NDE BELLÄ° OLSUN AK,80,0,Primeton1,Primeton1,UC2EHeSLYgdWGm6W9WOp0NKg
YESiWySYCZV7F9VqJI1Y98SqC9iXXXu4HfFbmvYcUg4,2013-10-18T21:03:13,2013-10-18T21:03:13,Doesn't matter what ...,Doesn't matter what sort of fetish you have  this videoï»¿ tops it all :P,71,0,Morph Verse,Zoza15,UCKidRg7VCOkCWuALair2Q6A
YESiWySYCZXYVce1jujTw1BdY6ilpynrvBj_ce-hwUg,2013-10-18T21:02:01,2013-10-18T21:02:01,Fucking Sonyï»¿ ...,Fucking Sonyï»¿ Brazil! I never going to pay $1800 in aï»¿ console,62,0,Vitor Silva,oKTkPeXEbc-nEhgIwM8qIQ,UCoKTkPeXEbc-nEhgIwM8qIQ
YESiWySYCZVn2-6k2d3lZi0PE0qXKo-oe2kdNz6WxEY,2013-10-18T20:50:57,2013-10-18T20:50:57,xbox one for me ï»¿ i ...,xbox one for me ï»¿ i not paying 1800 U$ for $ONY,47,0,dragonbreath67,dragonbreath67,UCaM8ZMgZMbxcWiew-zUh44A
YESiWySYCZVJWXZpHi-wCfJJHF9pO8i9T8w8o3sviNg,2013-10-18T20:46:08,2013-10-18T20:46:08,But youï»¿ are ...,But youï»¿ are forgetting the Xbox One comes with a free power brick! PS4 does not!,81,0,thejokeriscool55,thejokeriscool55,UCkWeddhURBpm6AhMI8E7n0Q
YESiWySYCZVUlBvTvdvqt9wE78-cpZd__8x-wLtDbKQ,2013-10-18T20:57:42,2013-10-18T20:57:42,because ps4ï»¿ doesnt ...,because ps4ï»¿ doesnt need one duh,32,0,XRDroiid,XRDroiid,UCEZZLDWfEKHLTsiUMNP1rdw
YESiWySYCZWbe6c80Jfm0tnTUTio6vQUSsJVOe0wmfc,2013-10-18T20:35:13,2013-10-18T20:35:13,U$1800ï»¿ in Brazil!! ...,U$1800ï»¿ in Brazil!!!!,21,0,Adriano Oliveira,pvtadriano,UCyz1An5DAruU9PECZ78NMdg
YESiWySYCZWbpbfhYJNC_T8efvuDXsg15gFW37SslFc,2013-10-18T20:18:04,2013-10-18T20:18:04,I regret selling my ...,I regret selling my PS1 I regret selling my PS2 I regret selling my PS3 By the time PS5 comes out  I will regret selling the PS4 lol Wishï»¿ I kept them all.,155,0,Nexoric,Nexoric,UCAfC7MqBdZBE8wk1mNPx8EA
YESiWySYCZW33uO9rLxAGeR5QyWR9_SjKmkL2w9RjDA,2013-10-18T19:39:15,2013-10-18T19:39:15,PS Taste gabs schon ...,PS Taste gabs schon bei der Ps3... zwecks ganz neu Lieber Herr imï»¿ Video dessen name mir entfallen ist sorry ^^,111,0,AlternativExXxHonK,AlternativExXxHonK,UCMH4b83R6GNNsj_Pkk2KxTw
YESiWySYCZUzF0Fid7vdnECoUGJYZRFSdh8b4DlN2YM,2013-10-18T19:37:14,2013-10-18T19:37:14,das wird ...,das wird warscheinlich der geilste moment 2013 fÃ¼r mich das auspacken meiner 3. konsolengeneration... diese knappen 5min sind einfachï»¿ immer GODLIKE!!!,151,0,AlternativExXxHonK,AlternativExXxHonK,UCMH4b83R6GNNsj_Pkk2KxTw
YESiWySYCZUpgSuXHF7HBcYTiDeKfABlY2XiPh4lxaE,2013-10-18T19:36:24,2013-10-18T19:36:24, ...,Ð¥ÑƒÑƒÑƒÑƒÑƒÑƒÑƒÑƒÑƒÑƒÑƒÑƒÑƒÑƒÑƒÑƒÑƒÑƒÐ£Ð£ÑƒÐ£Ð£Ð£Ð£Ð£ÑƒÑƒÑƒÑƒÑƒÑƒÑƒÑƒÑƒÑƒÑƒÑƒÑƒÐ£Ð£Ð™ï»¿,44,0,downloadflac,downloadflac,UCtNp85inMnzsR1rH0w1xCbw
YESiWySYCZVIkeXii6frvaloDZa3SfPICTpW9UtMSn4,2013-10-18T19:22:48,2013-10-18T19:22:48,Las Remerasï»¿ ...,Las Remerasï»¿ twitteables sonï»¿ lo mÃ¡sssss @rtwitteables Remera quiero ser tu #playstation,88,0,Remeras Twitteables,XD-AKZp1Rbq6VUTx5a2Hlg,UCXD-AKZp1Rbq6VUTx5a2Hlg
YESiWySYCZVNAXir3L66FcFX3a_cuSk3ujvhLs2edHQ,2013-10-18T19:12:47,2013-10-18T19:12:47,Not condoning that ...,Not condoning that Brazillian price though ï»¿ Sony's being greedy too  but your government is...lol.,99,0,MrBarelylethal,MrBarelylethal,UChkLgFHr8b25ng9vFJlLCng
YESiWySYCZX1Yq6BYBmVtPitIVaH0Qcvro-BQKthPyE,2013-10-18T19:12:40,2013-10-18T19:12:40,Fucking Sony Brazil ...,Fucking Sony Brazil! I never going to pay $1800ï»¿ in a console!,62,0,AltoxKun,AltoxKun,UCcbr_79x5P_Mg_Vh7nsNUyw
YESiWySYCZWZTVslH8QywMgCYjbCR9SfuOq1GbNjymk,2013-10-18T19:10:50,2013-10-18T19:10:50,nice noï»¿ huge power ...,nice noï»¿ huge power brick  thank you sony,41,0,primetime223,primetime223,UC23wTCTXujn1hfpJbfHbV6Q
YESiWySYCZWQ6xRb8EJ3IZq0nN-edMOTlgI3hVyfikA,2013-10-18T18:57:13,2013-10-18T18:57:13,PS4Kï»¿,PS4Kï»¿,5,0,Eduardo Reis Silva Simoes,duduaviador10,UCUxzfVkYt1o-P5sNsY9imLA
YESiWySYCZVPPNLgiphxPMBsufj8jvy6IWw_4XcOfbE,2013-10-18T18:56:43,2013-10-18T18:56:43,R.I.P. Brazil...ï»¿ :/,R.I.P. Brazil...ï»¿ :/,20,0,COMANDO BH,MrComandoBH,UCUinNevG91Az9lRLw6qg6mw
YESiWySYCZV9Qbxyi9S3rFWBsD8cL48M-r2HxwV9VpE,2013-10-18T18:54:54,2013-10-18T18:54:54,ps4!!! hammergeilï»¿ ...,ps4!!! hammergeilï»¿ !!!,22,0,Zettel Kp,Ga8NWIvgRdHRfXXrZyJE_Q,UCGa8NWIvgRdHRfXXrZyJE_Q
YESiWySYCZVo80NIVeYk6wY_UV79uqpoeYJ7kQ0WOGg,2013-10-18T18:36:31,2013-10-18T18:36:31,Euï»¿ acho que ele ...,Euï»¿ acho que ele cortou a nota fiscal no meio hein!,51,0,Rinaldo Oliveira,rinaldo779,UCGlq6AKD2NkVR9IxdV7wZSw
YESiWySYCZWwkBzHslIaCWTKWDRRKzr0Wl3Ex9M7RY0,2013-10-18T18:27:20,2013-10-18T18:27:20,Fazer unboxing de ...,Fazer unboxing de um console pagando 399 dÃ³lares Ã© fÃ¡cil ï»¿ quer fazer fazer um custando 4 mil reais.,100,0,Rodrigo Oliveira,digowebrp,UCaJv5pc4y_6b6O-b_NlKbTg
YESiWySYCZX0jWMjjqDE1E-zninR3tBHWbXel5bRGa8,2013-10-18T19:11:46,2013-10-18T19:11:46,Somewhere between ...,Somewhere between 60-80 percent of that is Brazillian import tax... though yes Sony's priced it surprisingly high regardless (even more expensive than Xbone ) but you really have to blame your government here...ï»¿,212,0,MrBarelylethal,MrBarelylethal,UChkLgFHr8b25ng9vFJlLCng
YESiWySYCZVNrUzO5AxvxLWULcFPNO9ZQkXjy1I9v1M,2013-10-18T17:35:52,2013-10-18T17:35:52,Escravoï»¿ de um ...,Escravoï»¿ de um objeto  muito triste isso  acho que ele Ã© um ator muito bom porque nÃ£o Ã© possÃ­vel ter tanto apego a um objeto  tudo bem que seja um PS4 mais nÃ£o deixa de ser uma coisa. Triste que seja a realidade de muitos a escravidÃ£o ao consumismo. SÃ£o eles que servem as coisas e nÃ£o o contrÃ¡rio.,298,0,Bruno Portela,popsitervideos,UCIo5havrTqW-LW6FfefSPNw
YESiWySYCZWjqyRT3ZAfmoS3qz_nf-XS2B9VnwK1oyw,2013-10-18T17:33:22,2013-10-18T17:33:22,Had To Shutï»¿ Down ...,Had To Shutï»¿ Down The Government For The Playstation 4 - Obama,62,0,ThinkkSupreme,ThinkkSupreme,UC5wjPXwEFrpgsDNXxNY7_oQ
YESiWySYCZUE2hQr7DPz30SvY0nj3PtyrelkSuiKkHo,2013-10-18T17:19:38,2013-10-18T17:19:38,PS4 R$4000 IN ...,PS4 R$4000 IN BRAZIILLL FUCKKK SONY BRASIL.. FUCKKï»¿,51,0,Douglas Pereira,DvPdzHINs6Shc84e-RIpcw,UCDvPdzHINs6Shc84e-RIpcw
YESiWySYCZWwneYsqrXg7XD9kYs4ewHWLh8eL5Yvfbg,2013-10-18T19:11:49,2013-10-18T19:11:49,Somewhereï»¿ between ...,Somewhereï»¿ between 60-80 percent of that is Brazillian import tax... though yes Sony's priced it surprisingly high regardless (even more expensive than Xbone ) but you really have to blame your government here...,212,0,MrBarelylethal,MrBarelylethal,UChkLgFHr8b25ng9vFJlLCng
YESiWySYCZXZm2Ziqk-uOPuzu9oWelkV2fVYQ_7djU4,2013-10-18T17:14:30,2013-10-18T17:14:30,2xPlaystation 2 = ...,2xPlaystation 2 = Playstationï»¿ 4 !,34,0,GÃ¼ney BaÅŸ,TheResquerJG,UCTQ--cBQuu8cCAPGhnKyR1Q
YESiWySYCZVbuiKV9eft36NLa5Dd9GNEmSnpuQeyNE8,2013-10-18T16:56:27,2013-10-18T16:56:27,unfortunately Iï»¿ ...,unfortunately Iï»¿ have to continue with my ps3 or buy xboxone  the price is ridiculous in Brazil PS4 = U$ 1 850.00,113,0,Uzumaki Naruto,6abcdef6,UCTvRckk0pO-OKsKTo97CuwQ
YESiWySYCZWKDNI1RyxK7nnE2dXjSQyyQEcYAl5ZENU,2013-10-18T16:55:26,2013-10-18T16:55:26,Personally itï»¿ ...,Personally itï»¿ won't be an issue for me. So their size doesn't matter.,70,0,James Williams,Cubejam1,UCqDMRJqVjMlrsu92BMPQrPw
YESiWySYCZWLrFOcwIhbgUpUOFjeKqglXIRJx0tQH4k,2013-10-18T16:54:36,2013-10-18T16:54:36,Subtitles only seem ...,Subtitles only seem to work in German and Afrikaans. ï»¿,54,0,James Williams,Cubejam1,UCqDMRJqVjMlrsu92BMPQrPw
YESiWySYCZVt1uv8CnKJCOgVvMZ5ZuateWOQiFK8HVg,2013-10-18T17:18:13,2013-10-18T17:18:13,No.. Iï»¿ speak ...,No.. Iï»¿ speak spanish and i understood everything... But he doesn't tell us nothing.. impressive.. nothing important...,119,0,Carl Orell,cc12ful,UCJg8P4yplxvs02OBGAPd_3Q
YESiWySYCZWALOcXOxY1HKu3gJ6xt7c8Izg3rUxtN4o,2013-10-18T16:48:24,2013-10-18T16:48:24,It'sï»¿ over 4000!!!! ...,It'sï»¿ over 4000!!!!!!!!!!!!!,28,0,Fefe nc,Fefenc2,UCk4Cs8eVLvoHs8pcw7rxMyg
YESiWySYCZV-9Hmg9LebETrwAe6EWfaI2HSn2FI5RZg,2013-10-18T16:36:48,2013-10-18T16:36:48,Boa tarde meus ...,Boa tarde meus amigos brasileiros! Ã‰ hora daqueleï»¿ abraÃ§o!,58,0,ShitVicio ChÃ©nel,EpicActionScenes,UCRKxCNh4Nkk9Pli8RluK7eQ
YESiWySYCZVZER8K6t_uD4VoqFxDhZOnGZL0rvUIAQU,2013-10-18T16:31:44,2013-10-18T16:31:44,PS4K .......ï»¿,PS4K .......ï»¿,13,0,TheIlovezin,TheIlovezin,UCkkKOiX9snw5eps1BAZsZ3w
YESiWySYCZXiud20zwhpq70g1xWRkSBln23naMRuvHI,2013-10-18T16:27:16,2013-10-18T16:27:16,disliking for the ...,disliking for the price inï»¿ brazil  peace.,42,0,Walter White,codwubz,UCLEJEzS5WJLIMpAJYJROPIg
YESiWySYCZWDZedrCWT4vQCJx0ndkqNj64PrE4Xmehw,2013-10-18T16:25:30,2013-10-18T16:25:30,The Brazil is theï»¿ ...,The Brazil is theï»¿ only country that has the version PS4k.,58,0,MÃ¡rcio GonÃ§alves,KFhXdfhX5_BJZsGk_w6pTg,UCKFhXdfhX5_BJZsGk_w6pTg
YESiWySYCZXhYDec8nI1HOT6PfjeWpu7tepHERsnkI8,2013-10-18T16:23:54,2013-10-18T16:23:54,4.000ï»¿ D;,4.000ï»¿ D;,9,0,Yuri Lugo,YuriPCesar,UCnaF9FCStOD1CUM7w83mtzA
YESiWySYCZUkfnCFzS0M15VwUQW0SGUSIcAZBibK0nM,2013-10-18T16:22:03,2013-10-18T16:22:03,R$4.000 00ï»¿ here in ...,R$4.000 00ï»¿ here in Brazil. my dream is over!,45,0,Bitehoust,Bitehoust,UC94zkFXZdU-AUoPQg765a_A
YESiWySYCZXeMt6gOKZubMSHYIPleVyE3N2wDuP3L1U,2013-10-18T16:14:07,2013-10-18T16:14:07,R$4.000 00ï»¿ in ...,R$4.000 00ï»¿ in Brazil. OMG!,27,0,Rafael Bicchieri,DukeMacleud,UCcd7jaIf9xyxfahdQPrl1Zw
YESiWySYCZUxkfcoYx38jVNR2TmhmBLeJ3ICGVuq0PQ,2013-10-18T16:03:02,2013-10-18T16:03:02,XDDD!!ï»¿,XDDD!!ï»¿,7,0,DylanDubstepxXx,DylanDubstepxXx,UC289KolWorKt3s_Y8rUduWQ
YESiWySYCZXu7Bd4jBL4u38E28o-Qt4N0JE4IazRJhk,2013-10-18T15:59:02,2013-10-18T15:59:02,0:03 Malacaton!ï»¿,0:03 Malacaton!ï»¿,16,0,cse609,cse609,UCWd2-57a2f0W9izk0BPSoIQ
YESiWySYCZXoyCllNNoa86tEz5dlzEh9jbhdVGvpQf0,2013-10-18T15:47:11,2013-10-18T15:47:11,TOBI WILLï»¿ AUCH,TOBI WILLï»¿ AUCH,15,0,Tobias Witte,76RB9Jqy5mxAXFN4oSjFgw,UC76RB9Jqy5mxAXFN4oSjFgw
YESiWySYCZW1EsoMww91g-dy0cFNOX9dhRnwJmrzVW0,2013-10-18T15:47:02,2013-10-18T15:47:02,sticker says: 100 - ...,sticker says: 100 - 240V ~ 2 5 - 1 15A  50/60Hzï»¿,48,0,Udetto,UdettoCBS,UCTLOVmiUZYZ2b_-ggpx21Mw
YESiWySYCZVweg3cIAjIBHPwIzBijqo9oyKoiALje_8,2013-10-18T15:31:19,2013-10-18T15:31:19,Lucky Luckyï»¿ FUCK,Lucky Luckyï»¿ FUCK,17,0,Nivan Khalifa,1VHK5ZfE7mfzace8pXugBw,UC1VHK5ZfE7mfzace8pXugBw
YESiWySYCZVXi7L35JfWw0PVffkD5d-2Uaiix4Ig__U,2013-10-18T15:26:24,2013-10-18T15:26:24,i've already seen ...,i've already seen the ps4  i wantï»¿ to see it turned on,54,0,Carl Orell,cc12ful,UCJg8P4yplxvs02OBGAPd_3Q
YESiWySYCZUxivGJfSLKbXsBRGSKj9iJFzTKrp71LqQ,2013-10-18T15:11:56,2013-10-18T15:11:56,And they are ...,And they are dogshit  butï»¿ they are keeping the cost down  thats Business,73,0,Zhaba80,Zhaba80,UCsLBea6xihcCEC2tp8vIl-Q
YESiWySYCZXrc2hccwKb3-3f0cA6VvtVd3YXfzIzpCA,2013-10-18T15:09:31,2013-10-18T15:09:31,0:20 keepï»¿ clicking ...,0:20 keepï»¿ clicking lol,23,0,James Verrico,Jaklas1979,UCJfgxaGLsSpL_D_TeyOnfBw
YESiWySYCZWOAalGCtrAmn8VmaE6V9UwCyDkzFMM8Dw,2013-10-18T14:54:35,2013-10-18T14:54:35,Fagï»¿,Fagï»¿,4,0,Jesus Beltran,MruizPBbbZaGdhagawBGVg,UCMruizPBbbZaGdhagawBGVg
YESiWySYCZVtvFOpm18GchQ4FieC_hSNQ7aA9LlCeeU,2013-10-18T14:46:54,2013-10-18T14:46:54,Im happy forï»¿ u  ...,Im happy forï»¿ u  thnk u sir..enjoy,34,0,william arnold,billyboy17ify,UCM7FA1sDCV2tjHkJ6pdlUDA
YESiWySYCZXM9Emy7a64oEQ3rN8RTqFUOrl1akpi8Is,2013-10-18T14:34:42,2013-10-18T14:34:42,Brazil PS4 =ï»¿ R$ ...,Brazil PS4 =ï»¿ R$ 4.000 Something Likeï»¿ $1849 ;-;,48,0,Raul VinÃ­cius,Ruhvini,UCwFeS8CNoH1aeFZ94oTxS5g
YESiWySYCZUnCz7T4tN0X-RS5bFpqbwQONotDh2uEcc,2013-10-18T14:33:43,2013-10-18T14:33:43,that is SEXYï»¿,that is SEXYï»¿,13,0,Kaan Yagmur,SiklenmeyenAdam,UC7A9um-tUqghuXKdh1CWEVg
YESiWySYCZXR2PRXJ7SJkoxQkDTgTziidCVcENNewUA,2013-10-18T14:28:29,2013-10-18T14:28:29,Brazil:  PS4 =ï»¿ R$ ...,Brazil:  PS4 =ï»¿ R$ 4.000 something like $1849  :|,49,0,Enry Nabazio,Relugy,UCzUpF00lOVU8hiv8JjSeBRw
YESiWySYCZVCeeuLJNnlQAoauRUXJKC05ESO1gmcUEw,2013-10-18T16:37:43,2013-10-18T16:37:43,psÃ© amigo =/ Ã© ...,psÃ© amigo =/ Ã© triste ï»¿,23,0,GuigamesCL,GuigamesCL,UCn6bZ6FyJYOvK_-U7zEDeMA
YESiWySYCZUnqctzsu2ZUtvz-u6D7-jvisZhIPjsWdU,2013-10-18T16:56:33,2013-10-18T16:56:33,Triste :sï»¿    ...,Triste :sï»¿   Paraguai ai vou eu !!!,35,0,Bruno P.Menezes,wolflink06041992,UCiLKDYQnMAQOx86BdyeF2RA
YESiWySYCZWPYKvWld6VSf0WVVkNbbneEzQzhgFVBNI,2013-10-18T17:07:28,2013-10-18T17:07:28,Something weird ...,Something weird must've happened withï»¿ taxes cause in brazil the XO only costs like $1100... fishy fishy...,107,0,Lengi123,Lengi123,UCComYceoKbwAMpsBJoXlJZw
YESiWySYCZVv9FTkqs--Bx-uEQ-z6O_66cDBpmolYyM,2013-10-18T17:18:21,2013-10-18T17:18:21,that's why i will ...,that's why i will import mine from US  to give  zero money to the "money grabbing whores"  otherwise known as  "theï»¿ brazilian government" !! lol,145,0,Diego de Souza,Diego92Souza,UCw9BF-BeeiUryTtDSQJs5Gg
YESiWySYCZWrcTVi6HxZb-2lDlK5_dFhlc5GVpXvskE,2013-10-18T14:18:28,2013-10-18T14:18:28,IMPRESIONANTï»¿,IMPRESIONANTï»¿,13,0,Sergio-glg,SergioGranaVEVO,UCizG8g3SAbHFY_hgAoeUqig
YESiWySYCZV8vhIjvpCewz27g1C0w2TS9cla4dtpsuM,2013-10-18T14:14:01,2013-10-18T14:14:01,PS2 Italicï»¿,PS2 Italicï»¿,11,0,Gwan Chieh Huang,MYrAewCDxy3E8X0_5oMAUg,UCMYrAewCDxy3E8X0_5oMAUg
YESiWySYCZU6-V0gz5abd2hUVcD2T2nV_lk-AG1DhK4,2013-10-18T14:02:43,2013-10-18T14:02:43,Why the fuck you ...,Why the fuck you don't turn on theï»¿ console? WHY???,51,0,Carl Orell,cc12ful,UCJg8P4yplxvs02OBGAPd_3Q
YESiWySYCZWb9d6mITsYKJjCANsi-ltBJcZVXtHI-iw,2013-10-18T14:02:10,2013-10-18T14:02:10,Activate the ...,Activate the subtitles -.-ï»¿,27,0,Carl Orell,cc12ful,UCJg8P4yplxvs02OBGAPd_3Q
YESiWySYCZUN_uCaSFYc7ordP--OVwvzDZoeMgoZ2xg,2013-10-18T14:01:17,2013-10-18T14:01:17,regalamelaï»¿ ...,regalamelaï»¿ porfavor y te hago una mamada,41,0,PokyHD,PokyHD,UCF5iiOHe6_c-mtprg9eQylA
YESiWySYCZXTI8IY4empJtK4AkX6II6zBPzkZzZhZEM,2013-10-18T13:39:53,2013-10-18T13:39:53,there are ...,there are subtitlesï»¿ you know,29,0,jamie4show,jamie4show,UChrcMXvD75sWqdfkqdpnfdw
YESiWySYCZX4WQJBtxHPstpWVkTkpbXPnkXir1H9q8M,2013-10-18T13:30:27,2013-10-18T13:30:27,SchÃ¶nesï»¿ Hemd ;),SchÃ¶nesï»¿ Hemd ;),16,0,formel schalke,lsfcs04,UCxNU_6JiQFAKaKAPCCbXsew
YESiWySYCZUOv9bDyFIUcSbp-ptJGMcuzzU__uzY4pA,2013-10-18T12:54:43,2013-10-18T12:54:43,Someï»¿ Harddrive ...,Someï»¿ Harddrive Specs: HGST (Western Digital) 500GB - 5.400 RPM - 2 5 Inch - max 12 5 mm.,89,0,FBREVOLUTION,FBREVOLUTION,UCUuddgUWg0MZ68tXiULIYYA
YESiWySYCZXkS3SEdGuA5FP21_-l7Mqt2Qkikap9UC0,2013-10-18T12:44:29,2013-10-18T12:44:29,You enjoy better ...,You enjoy better this video if youï»¿ don't know German. Playstation FÃ¼hrer!!!,76,0,kkutre,kkutre,UCtTrMHRULJSSHp47gmIyvXQ
YESiWySYCZWd5e0mE8Lz9Ov7bVaN8vXMn7D52oa_1_w,2013-10-18T12:26:16,2013-10-18T12:26:16,I thought porn was ...,I thought porn was not allowedï»¿ on yt. lol,42,0,Encore1234567890,Encore1234567890,UCxdu59z4N-VvWjdOLeiiaJg
YESiWySYCZU5XI8uKZzEO0b5upWVZtbi3yC42y0M_yQ,2013-10-18T11:49:02,2013-10-18T11:49:02,Omg bitte macht ...,Omg bitte macht noch mehr videosï»¿ der ps4 start up ....,55,0,facemen22,facemen22,UCYgOfJ1n6RrQV3lqvlih55A
YESiWySYCZVH5couTKhfxQq_uYQkPJlPm63FsOqnEgg,2013-10-18T11:37:23,2013-10-18T11:37:23,touchpadï»¿ in ...,touchpadï»¿ in gamepad  lol,25,0,bilal akman,ByySineK,UCSbLU7SMDGYmIQr47XNwK6g
YESiWySYCZUWUVU9yvsQn1_4XHqxq_xrfdtJpf_zmtU,2013-10-18T11:26:40,2013-10-18T11:26:40,Ich w@re an deiner ...,Ich w@re an deiner stelleï»¿ ausgerastet,38,0,Coole Opfer,F_xGYBRgfnvwuGSMFipjXg,UCF_xGYBRgfnvwuGSMFipjXg
YESiWySYCZXqtp-HG67dOWJbwcSmK8qCUbYRBjp7glc,2013-10-18T11:05:50,2013-10-18T11:05:50,Xbox oneï»¿ <3,Xbox oneï»¿ <3,12,0,Kevin rambo,kevrambo1,UCE8kQKZxvno3BGjnlFP66Vg
YESiWySYCZXIAaTEDp-TVufhdufgCppCjtRrLjFFuTE,2013-10-18T11:05:10,2013-10-18T11:05:10,You canï»¿ change the ...,You canï»¿ change the subs dude :P,32,0,PrinceJadius,PrinceJadius,UCxzy_CKXXct20jBWvcbV37w
YESiWySYCZWK0Rapjn9ODPXQ6ajdRuOpykdSMh6TR30,2013-10-18T11:00:42,2013-10-18T11:00:42,Geiles Videoï»¿,Geiles Videoï»¿,13,0,alexnacke13,alexnacke13,UCCQIyYcuS5_SDmO6kdu9AaA
YESiWySYCZWFijdMQt_vbG20ER6RzePYceK3p0FRktg,2013-10-18T10:44:25,2013-10-18T10:44:25,This is the actual ...,This is the actual first unboxing of a PS4 I've seen on YT. Everybodyï»¿ is using that one video that's not even an unboxing. SMH,127,0,focusdakid,focusdakid,UCShPROYCBkscaLTASZIoOpQ
YESiWySYCZW1o1X7-LRGB02Z-T1QF9xjGFzWkgAUfkw,2013-10-18T10:42:53,2013-10-18T10:42:53,TURN ITï»¿ ON!!!!,TURN ITï»¿ ON!!!!,15,0,Alan Revill,alanrevill30,UCeZlhLrCH2Mot_X_8nmFnmQ
YESiWySYCZU0cbbH2r_GMPMeayqMaX6oh2OG4C-6JmA,2013-10-18T10:42:14,2013-10-18T10:42:14,I didn't understand ...,I didn't understand one fucking thing this man said  yetï»¿ I still enjoyed watching this video and hearing him talk lol.,119,0,2800boy,2800boy,UCUYPEl0Ftz6MqcVL-kUDofw
YESiWySYCZWluXYIHXrR05ks5JrThT-aIheDf22EyA0,2013-10-18T10:40:18,2013-10-18T10:40:18,Iï»¿ love how small ...,Iï»¿ love how small it is compared to the Xbox One. Microsoft  go home and fuck off.,82,0,iiU2,iiU2,UCJ5M1t6XHTIRxy6l6k7BaZg
YESiWySYCZXAnMIq5SYKC1FOy55qxYF_b09uLOiHlxE,2013-10-18T10:35:23,2013-10-18T10:35:23,Yes yes I ...,Yes yes I understood every word he said  very insightful! it is so insightful that I had to ignore all of it and focus on the PS4ï»¿,130,0,llMurcielagoll,llMurcielagoll,UC_GI52BdHWwRRZ_9dQai42w
YESiWySYCZXwrB241R-FnC-qLhsCKdtt1bp866kcE70,2013-10-18T10:16:52,2013-10-18T10:16:52,"Wayne's World"- ...,"Wayne's World"-reference. Nice one! ï»¿,38,0,Jans Blog,JansBlogCBS,UC-7JNNj2xXbWWK3eGB9FXTQ
YESiWySYCZUkfIjRMoLzel97zVxsvS1rfZ11ejlEu6w,2013-10-18T10:14:29,2013-10-18T10:14:29,Be happy you don't ...,Be happy you don't understand him. 80% of his monologue is spiritual outpouring...  I don'tï»¿ even know  why the fuck the worst magazine in Germany got the PS4 testing kit... srsly...,182,0,Rob K,FJG6T8O__G5r0C6SfYxBtw,UCFJG6T8O__G5r0C6SfYxBtw
YESiWySYCZXDS5EQ3GZN-hzwmmCA9O3BFxyWmqTpBiE,2013-10-18T10:38:56,2013-10-18T10:38:56,Coolï»¿ story bro  ...,Coolï»¿ story bro  always nice to meet a fan ;),45,0,Udetto,UdettoCBS,UCTLOVmiUZYZ2b_-ggpx21Mw
YESiWySYCZU_wUxP5Vhod318dEXiAR56m_5GNoqSxaY,2013-10-18T11:16:47,2013-10-18T11:16:47,Neither a fan  nor ...,Neither a fan  nor a hater. My point is just  that your occur was a bit - don't know how to say polite - well.. childish. You guys are the first  who get a PS4 for journalistic use - and instead of being investigativ and start describing every single part and inch of the product ï»¿ you actually just flip out like a kid. I don't wanna be offensive. Just FYI  "bro",364,0,Rob K,FJG6T8O__G5r0C6SfYxBtw,UCFJG6T8O__G5r0C6SfYxBtw
YESiWySYCZUFWTCHJARbsB_2ex-vYay6mhsNvXdjztI,2013-10-18T09:20:12,2013-10-18T09:20:12,Could you please ...,Could you please check the physical specs of the hard drive? Is it only 9.5 mm thick  or maybe 12.5 mm?   It would be nice if I could getï»¿ a replacement HDD ready and install it already on launch day.,200,0,Gameskeeper,TheGameskeeper,UC4qnDgORzTYpGxV3nQS6E3A
YESiWySYCZUu7uyXmb6sHfZTf66vwdbjHepK9Gnjl6E,2013-10-18T09:06:50,2013-10-18T09:06:50,Next video- systemï»¿ ...,Next video- systemï»¿ boot up and menu tour ...thanks,51,0,2009AgentSmith,2009AgentSmith,UCAwrUXHb-z1Xc3HbpzBvDhQ
YESiWySYCZWmKKkUnQ3SsmjeFvkEcYMswZ2VjOrbdkQ,2013-10-18T09:01:20,2013-10-18T09:01:20,Die  PS4!ï»¿ :P,Die  PS4!ï»¿ :P,13,0,Gencoil,Gencoil,UCP-5U_i3W05gT1QFxXXkwAw
YESiWySYCZXzlucYb3ZtK7tWgWRafKpbN4-tpKF5tMI,2013-10-18T08:58:49,2013-10-18T08:58:49,who wouldnt!?!ï»¿,who wouldnt!?!ï»¿,15,0,Udetto,UdettoCBS,UCTLOVmiUZYZ2b_-ggpx21Mw
YESiWySYCZWSGrU_2C5ZSxvAA7NLQdnouWMK92dMMVs,2013-10-18T08:57:20,2013-10-18T08:57:20,Good news Dude: I ...,Good news Dude: I actually can :D Thanks for the feedback  guess i need to make moreï»¿ videos in english ;),106,0,Udetto,UdettoCBS,UCTLOVmiUZYZ2b_-ggpx21Mw
YESiWySYCZWGKdliEqtwmDGLUbKwZKmM30HqNqgOPSE,2013-10-18T08:55:20,2013-10-18T08:55:20,Thanks a lot forï»¿ ...,Thanks a lot forï»¿ your feedback!,32,0,Udetto,UdettoCBS,UCTLOVmiUZYZ2b_-ggpx21Mw
YESiWySYCZV4A-iyIs484Zu72U6a1_AA5V7-WiNmuKY,2013-10-18T08:51:31,2013-10-18T08:51:31,We havent tested it ...,We havent tested it yetï»¿ but at least the required cables are included. So my guess is it will work,99,0,Udetto,UdettoCBS,UCTLOVmiUZYZ2b_-ggpx21Mw
YESiWySYCZWaHosJTuSz64Yd5cOcA6NpN4cvlpZ11SU,2013-10-18T14:07:48,2013-10-18T14:07:48,Maybe it is written ...,Maybe it is written on some sticker on theï»¿ body of the PS?,59,0,vxGSxv,vxGSxv,UC67D3rqywZpS5gWURG4N3Jg
YESiWySYCZXGx3qYWgbMttJRRNXcDuZfwahW77MLyNw,2013-10-18T08:49:26,2013-10-18T08:49:26,Iï»¿ am sure we will ...,Iï»¿ am sure we will make one in english pretty soon. Will share it on my channel as soon as its done (hopefully start of next week),130,0,Udetto,UdettoCBS,UCTLOVmiUZYZ2b_-ggpx21Mw
YESiWySYCZWXBC40SDfMqulJcgwDy9Dakrn0jxF5NTI,2013-10-18T08:38:15,2013-10-18T08:38:15,Man the consoleï»¿ is ...,Man the consoleï»¿ is just so beautiful an slim,45,0,quinten488,quinten488,UC_Soo8up6nBJlrbmCcRrvSA
YESiWySYCZWNkZdMrZbK6UOf8djA4BkrgWUdnkMXeLI,2013-10-18T08:33:48,2013-10-18T08:33:48,The Unknown powerï»¿ ...,The Unknown powerï»¿ cable is the Australian one,46,0,SoulMist17,SoulMist17,UCpK3oQqFUbTDhh21Xfomt9Q
YESiWySYCZWluGnN_kWyhaGQVGaiu2sVmJNPDqD5Iu8,2013-10-18T08:53:48,2013-10-18T08:53:48,Ah good to know  ...,Ah good to know  thanksï»¿ for the info mate!,43,0,Udetto,UdettoCBS,UCTLOVmiUZYZ2b_-ggpx21Mw
YESiWySYCZWxdlYKvN44so0ttrfnRUG-BJbzXq04ilk,2013-10-18T08:25:35,2013-10-18T08:25:35,playstation fearï»¿,playstation fearï»¿,17,0,TheDhk000,TheDhk000,UCGAE-IInvcw_274mDZ1ScGQ
YESiWySYCZUiJv1rd3O2tRCB0N3xCLMrwxSV2n2XEqY,2013-10-18T08:14:27,2013-10-18T08:14:27,Nope ï»¿ leider nicht.,Nope ï»¿ leider nicht.,20,0,Jans Blog,JansBlogCBS,UC-7JNNj2xXbWWK3eGB9FXTQ
YESiWySYCZXSUvwyBHiZ0Qu0xy3yQI1ywUTqBNrWfL8,2013-10-18T08:13:10,2013-10-18T08:13:10,Becausï»¿ of reasons  ...,Becausï»¿ of reasons  you know?,29,0,Jans Blog,JansBlogCBS,UC-7JNNj2xXbWWK3eGB9FXTQ
YESiWySYCZXPs7Eu1Zdm8MkyutNBzPQpIVRtUvgoFm0,2013-10-18T08:11:56,2013-10-18T08:11:56,Iï»¿ guess your hips ...,Iï»¿ guess your hips don't lie.,29,0,Jans Blog,JansBlogCBS,UC-7JNNj2xXbWWK3eGB9FXTQ
YESiWySYCZXmIJOSdpDOXBOXQ8YvLkgOJeVNmRWj6Kg,2013-10-18T07:47:14,2013-10-18T07:47:14,Just enable the ...,Just enable the translation of subtitles in English.ï»¿,53,0,theMarshebrum,theMarshebrum,UCUoK5i4WPQeUVny5YlyZmMw
YESiWySYCZWULtfpVoGIoM5HdFNa9AlBOAyy-LUE500,2013-10-18T07:38:53,2013-10-18T07:38:53,Captions --> ...,Captions --> Translate --> English. Worksï»¿ like a charm.,56,0,Jokeritu,Jokeritu,UCyZh-zLwu5GKikyYk0R6TDQ
YESiWySYCZXr-vjieLiBMisPyAADn3hmOHSmjz4tRDY,2013-10-18T07:38:49,2013-10-18T07:38:49,Nehmt mal die PS4 ...,Nehmt mal die PS4 eingeschaltetï»¿ auf !!,39,0,xXxTheFlo10xXx,xXxTheFlo10xXx,UC9l89rXsa2Z33gzkCXwCrgw
YESiWySYCZXy3gmCi3mTyAf891enP39lzAWA_fqbgXA,2013-10-18T08:49:55,2013-10-18T08:49:55,alles inï»¿ Arbeit... ...,alles inï»¿ Arbeit...stay tuned!,30,0,Udetto,UdettoCBS,UCTLOVmiUZYZ2b_-ggpx21Mw
YESiWySYCZW0fUfaXIqqxFiY8d3Z2PJNmuJzoC9mLus,2013-10-18T11:19:52,2013-10-18T11:19:52,Wann darf man ...,Wann darf man damitï»¿ rechnen ?,30,0,xXxTheFlo10xXx,xXxTheFlo10xXx,UC9l89rXsa2Z33gzkCXwCrgw
YESiWySYCZX2yOKMVK7XjqAa8qg-oJlNFHnwuvkv47A,2013-10-18T07:19:50,2013-10-18T07:19:50,I can'tï»¿ wait!! Agh,I can'tï»¿ wait!! Agh,19,0,jodyconesss,jodyconesss,UCJRJtiNPieUWygVkaFc5oWw
YESiWySYCZWiMtGtK0ryjb4M9tFapCH5BBIj3f8oDto,2013-10-18T07:09:13,2013-10-18T07:09:13,I love thisï»¿ guys ...,I love thisï»¿ guys enthusiasm. His accent makes all the better,61,0,Raveen Kari,superravmanrampage,UC-B0xjUf2BixHOoRCr3LK3w
YESiWySYCZXkLVbhQT9P0n0YCH5IcIVqZC1ql0JMS4k,2013-10-18T08:50:12,2013-10-18T08:50:12,thank youï»¿ Sir!,thank youï»¿ Sir!,15,0,Udetto,UdettoCBS,UCTLOVmiUZYZ2b_-ggpx21Mw
YESiWySYCZXkcwS-gtXpRcqs_ZRbRpTTiq0bh5As6_k,2013-10-18T07:01:55,2013-10-18T07:01:55,You forgot your ...,You forgot your tinfoil hat  sir!ï»¿,34,0,BlexTrex,BlexTrex,UCtmg1vm3a1BHm7ZGNC0FUeA
YESiWySYCZUSE6dMSTvmCQp_uZzBswz_zGrHfbxLM9E,2013-10-18T06:58:51,2013-10-18T06:58:51,0:20-0:22 lmao ...,0:20-0:22 lmao hellï»¿ yeah!,26,0,MrGJLA,MrGJLA,UCEWL2wCTyyLUyBoCSg3T9zw
YESiWySYCZUkYTiFGXhujsdKVqrX2iCbN7k35pezhk0,2013-10-18T06:48:22,2013-10-18T06:48:22,English mothafucka ...,English mothafucka you speak it? lolï»¿ kidding.,46,0,Barack Obama,WolverinePlusbeaST,UCOhUJJSuEjgHArnnqWtvQCA
YESiWySYCZUFDbAXdr7gliOlEor2uPf2hZqzqyZzsDk,2013-10-18T06:12:43,2013-10-18T06:12:43,I didnt getï»¿ to pre ...,I didnt getï»¿ to pre-order one so i prolly wont have it day 1,60,0,CreatedbyLeon,CreatedbyLeon,UCui3kelrQqElsiMXDoPJptA
YESiWySYCZXA4nw_xATe039I7eDcG62ZZAjuT1O0mG4,2013-10-18T06:01:45,2013-10-18T06:01:45,Ugh exactly 4 ...,Ugh exactly 4 weeksï»¿ left!,26,0,homey1230,homey1230,UCwxNW0JBVFhwUUv5XfirF0A
YESiWySYCZUS9k2210EMfpiDYgRm8LmfLKnaghGsJ8Y,2013-10-18T04:24:05,2013-10-18T04:24:05,Hello  could youï»¿ ...,Hello  could youï»¿ please say  does PS4 work both with 220V and 110V electrical networks?,88,0,vxGSxv,vxGSxv,UC67D3rqywZpS5gWURG4N3Jg
YESiWySYCZU1njqZcFJhk15ZjcSBOQHXDq0UMs6Cps4,2013-10-18T04:01:52,2013-10-18T04:01:52,For future ...,For future reference  block your tracking number next time. Location: Hamburg  DE  reference numbers for UPS:GUIDO ALT (rather racist?) lol  TESTKIT  Service type: Express Plus  hell even got the street it was delivered to  just be careful dude  there's crazyï»¿ people out there.,278,0,hotd34me,hotd34me,UCYsCaEtCZXwrw8QR--F0KTQ
YESiWySYCZWee79sC2Lkasx20cNJGfvjfoLxjjSSFpA,2013-10-18T03:58:57,2013-10-18T03:58:57,Heil playstation.ï»¿ ...,Heil playstation.ï»¿ Heil playstation,35,0,Sepharite,Sepharite,UCh-YjnglGz9DRFKWX7yJWog
YESiWySYCZXot2jEIrhRm8PMrEhOmU5XEd5cN8-gAjU,2013-10-18T03:53:36,2013-10-18T03:53:36,I really liked this ...,I really liked this guys enthusiasm  I onlyï»¿ wish I understood what he said :(,78,0,Linus Stormcrowe,DeMoN064,UCucyGeZTokon_WOXEhajlwQ
YESiWySYCZU4TsaJcD1M7aawk2he38AeNuzY2gzdIYI,2013-10-18T02:36:34,2013-10-18T02:36:34,OMG... I cantï»¿ wait ...,OMG... I cantï»¿ wait any longer.,31,0,Ryan Breton,ryanbreton69,UCRA9JOcP-JJlEWf7XA_ymSw
YESiWySYCZX2zwcPCo7KNoDl48ie5MxjVWsDcgXV3J4,2013-10-18T02:23:44,2013-10-18T02:23:44,ire inï»¿ Brazil ...,ire inï»¿ Brazil costs $1850 91 dollars!,38,0,Wellington Souza,VydBz116acykNnQOR8GbcQ,UCVydBz116acykNnQOR8GbcQ
YESiWySYCZWkWOyK3NhnzmJsL6jCDUVQTh99tnTVqio,2013-10-18T01:59:56,2013-10-18T01:59:56,See how smallï»¿ it ...,See how smallï»¿ it looks in that box  I would feel ripped off at first opening it. However it's Sony we're talking about. ;) Always deliver.,139,0,GeneralZewro,GeneralZewro,UC9mKtB5Bskq7mcHmtFiaJzw
YESiWySYCZXIcqS9SSycZiBKynMBqjblWLK31PvKzWM,2013-10-18T01:12:56,2013-10-18T01:12:56,Freu mich wie so ...,Freu mich wie so ein schneekÃ¶nigï»¿ wenn ich eine habe :D,55,0,Daniel Heim,FrAvErRaVer,UCSkOhfcm-fiUSpuCEIt02YQ
YESiWySYCZVgKJ9gcJ3OdRY_zG1sn0PuNYt_n5iBHb4,2013-10-18T01:12:19,2013-10-18T01:12:19,Uhï»¿ oh  he's ...,Uhï»¿ oh  he's getting pretty excited about that PS4  bowin' down to it and all. Hope there's not another German/Japanese team up in the works...,143,0,MasteroChieftan,MasteroChieftan,UCUfItmrEdRZJjhmN6JwKwYQ
YESiWySYCZU5-uK8OnBE3RYsYPE1dPjBJLouneDtSAQ,2013-10-18T01:04:46,2013-10-18T01:04:46,Amazingï»¿,Amazingï»¿,8,0,Pieppe18,Pieppe18,UC_vs4FhBI5rYjum_y0C7bZQ
YESiWySYCZWcERS9SWUOcUgfkfWt3MtHAO5iJXS5NK4,2013-10-18T01:00:16,2013-10-18T01:00:16,We really like the ...,We really like the excitement!  Thank you for the fun unboxing video ï»¿ Computer Bild.  Sending well wishes from the US :)),122,0,MegaKagato,MegaKagato,UCy27mY8TP53QoRcub2Jjsnw
YESiWySYCZUG_yr4WwVvAnY5PzhXNOu9TrWCzEVZRlg,2013-10-18T00:56:27,2013-10-18T00:56:27,You Pee Esssï»¿,You Pee Esssï»¿,13,0,James Mclean,soulassssns,UCPKLkHFXAJA-4Ws3RSg2JOw
YESiWySYCZXsVa9mazOKoB2mnDO5OWY_-MEiT0X7Ry4,2013-10-18T00:22:08,2013-10-18T00:22:08,PS4ï»¿ <3,PS4ï»¿ <3,7,0,RainPrince87,RainPrince87,UCgTiT43zYqxU6R57Lbxwdaw
YESiWySYCZWsSTvJxSyDvC2sUr-Mtio49faVMEv4XHw,2013-10-18T00:21:11,2013-10-18T00:21:11,was fÃ¼rï»¿ in ear ...,was fÃ¼rï»¿ in ear sind doch keine in ears..,41,0,Highfly18,Highfly18,UCVxAtVXaH1fRHYdxb7qG9OA
YESiWySYCZXX6cm4iDu0syvEQ08N6cSU7Wb7X2yhqTI,2013-10-18T00:06:45,2013-10-18T00:06:45,'DIE PS4'??? I ...,'DIE PS4'??? I guess that means something good in German i HOPE! :D  Looks AMAZING/SEXY the PS4 :P LOVE the look of it :P  Erm why did they send you a 'Debug' PS4 for???ï»¿,170,0,Carl G,Carl1298,UCCklHoFpuhoJIB6xX499EvQ
YESiWySYCZXIuDo-3YopLexAd3sC1NYFhBn9aMAe-DU,2013-10-18T00:05:25,2013-10-18T00:05:25,It sounds like he ...,It sounds like he said a Playstation FÃ¼rer.ï»¿,44,0,Eric Mizutani,ericmizutani,UCaXp0bPI8pWL7KJGkPGtbuA
YESiWySYCZUZyR3FgFdFtxG41A3wU-VK08iA5OKgveY,2013-10-18T00:03:47,2013-10-18T00:03:47,Wow  it has no feet ...,Wow  it has no feet? Surprised! Thanks for the video!ï»¿,54,0,Boobie McGee,zLzuErDtYK6wizvmXa72Gw,UCzLzuErDtYK6wizvmXa72Gw
YESiWySYCZXmuaXTOulgiRoY8NPms0Zm7NeIiXi93_k,2013-10-17T23:54:39,2013-10-17T23:54:39,Don't know what he ...,Don't know what he was saying butï»¿ I enjoyed it o_O,51,0,Daniel Rodriguez,MrDanielrodriguez1,UCgPNzF74amBf04VUnAfH3nA
YESiWySYCZVvnm-Nc5kKLWModSEC6tzKpo8CCKA15rI,2013-10-18T00:53:27,2013-10-18T00:53:27,captions?ï»¿,captions?ï»¿,10,0,stephree90,stephree90,UCF4Vf6rEBrSVzfwhffIDDUg
YESiWySYCZWwjTBzYyxwypUXkhdx6qbrJnjJR6eRYpU,2013-10-18T04:13:57,2013-10-18T04:13:57,ahhaha xDï»¿ me too,ahhaha xDï»¿ me too,17,0,Pieppe18,Pieppe18,UC_vs4FhBI5rYjum_y0C7bZQ
YESiWySYCZV_BB9pZhfvdQ8aU-bZYT-CvkvEw3_-tRc,2013-10-17T23:29:49,2013-10-17T23:29:49,How about showing ...,How about showing usï»¿ the new User Interface?,45,0,SolidTube911,SolidTube911,UCuTTzAkNASTdwtKLgG7W9yQ
YESiWySYCZXqFsFrR4vWFJsbbsm5_XKfs4vDl9NWauQ,2013-10-17T23:16:40,2013-10-17T23:16:40,that's all iï»¿ need ...,that's all iï»¿ need to see is where the HDD is replaces so i can order a 2tb HDD,79,0,MistaOfficialVG,MistaOfficialVG,UCTIVuem5kKmYOemT7iWhi-g
YESiWySYCZWz1e6SlNtyVGCER-XbXbFHtMH4AUsEKaE,2013-10-17T23:38:57,2013-10-17T23:38:57,your gonna order a ...,your gonna order a 2tbï»¿ right away? how many fuckin games you gettin,68,0,stephree90,stephree90,UCF4Vf6rEBrSVzfwhffIDDUg
YESiWySYCZUHAVZFp79-72gCdwpBZie0_IE-8Q_nHS8,2013-10-18T02:52:36,2013-10-18T02:52:36,as many as the PS4 ...,as many as the PS4 gods allow my friendï»¿ lol,44,0,MistaOfficialVG,MistaOfficialVG,UCTIVuem5kKmYOemT7iWhi-g
YESiWySYCZWg-7E-f5Ysz4fUJhVflcA842W5wPwpuiY,2013-10-18T03:20:03,2013-10-18T03:20:03,itsï»¿ below the ...,itsï»¿ below the glossy part :D,29,0,CoolVids19,CoolVids19,UC-LPimp01s6qbXZfSyqXlMQ
YESiWySYCZWu-B6XxLhQQdOF3TDQ81OtJflqOJ-jeuo,2013-10-17T23:12:32,2013-10-17T23:12:32,Thank you fromï»¿ UK!,Thank you fromï»¿ UK!,19,0,iKH44N,iKH44N,UCp1iEe_ujmBlcB4Rt9ebidg
YESiWySYCZXZlqcx3AfYXEDQG1F0OhsQNoOZgGaRvjk,2013-10-17T23:06:00,2013-10-17T23:06:00,Thank you. Khaled ...,Thank you. Khaled from saudi Arabiaï»¿,36,0,khalednho33,khalednho33,UChBnib6FsNVeaTB9A-Enidg
YESiWySYCZU6WquzYh3mGBgWaAjEa91cNmn71DcpXto,2013-10-17T22:58:04,2013-10-17T22:58:04,idiot.ï»¿,idiot.ï»¿,7,0,PS4Fever,PS4Fever,UCvW4sV6tefnNDgvD9CjfuWA
YESiWySYCZWyg2mv3JwtUTC5UODzUbVDi7pt9_CMk60,2013-10-17T22:45:29,2013-10-17T22:45:29,Thank-youï»¿ for ...,Thank-youï»¿ for sharing   cheers from America!,45,0,David Fielder,yoda779,UCH6lwQXzhCAqiXscr7yOR1A
YESiWySYCZXS_3VDAH9MbU6fAcBI-UXmOyoYFYRHB8A,2013-10-17T22:38:25,2013-10-17T22:38:25,Geil zeigt mehr ...,Geil zeigt mehr undï»¿ schliest sie an und macht ein rewiew,57,0,Samuel Kirmit,samuel43211,UChDsQ595TLEcGQ_aZvlFgAg
YESiWySYCZWi0jy9wo6oLGEDd5YW9k2Aht-nNoHemv4,2013-10-17T22:31:17,2013-10-17T22:31:17,5:01 lolï»¿,5:01 lolï»¿,9,0,RedStarr2121,RedStarr2121,UChQsGLzOi2FqToYgc9rpDXg
YESiWySYCZVWENhyHQk2vWfJFOoS8nwqK4khU7OSK8w,2013-10-17T22:19:03,2013-10-17T22:19:03,Mostï»¿ Germans have ...,Mostï»¿ Germans have aggressive voices but this guy has a nice soft voice which I like a lot. Just if he could speak English.,123,0,nighthawk9300,nighthawk9300,UCCEdsljEub765-nVwEGOhlg
YESiWySYCZXMe2rmXwXjfMQeH2mWKYdkP2LkoBmT610,2013-10-17T22:08:09,2013-10-17T22:08:09,uuuh jungs von CBS ...,uuuh jungs von CBS ihr seit mit dem video sogar aufï»¿ neogaf gelandet^^,70,0,IXIFiebigIXI,IXIFiebigIXI,UCfYOcnj-7vwzy1GUpCSrJMg
YESiWySYCZVC8RV2F6rUbCi6lJmbRCStmMftTTeZqNQ,2013-10-17T22:03:56,2013-10-17T22:03:56,computerbild.de/ ...,computerbild.de/artikel/cbs-News-Playstation-4-7712087.html  ï»¿,62,0,Trendyandi80,Trendyandi80,UCdc_s7qj5cnDbW8vRV0wJtg
YESiWySYCZU2skXnrXMugCPTat8Avqmns_PxkOkKUNY,2013-10-17T21:58:42,2013-10-17T21:58:42,Bitte mal ausmessen ...,Bitte mal ausmessen  welche Festplatten in die PS4 passenï»¿ (insbesondere die BauhÃ¶he). Wieder nur 9 5mm oder auch bis zu 15mm? Danke!,133,0,Xerberum,Xerberum,UCT9ogI20y_tQHCWpWX6gcuQ
YESiWySYCZURfVKDL3cUKpNBtL1sXklYUffF4MI_BII,2013-10-17T21:56:09,2013-10-17T21:56:09,The PS4 headset ...,The PS4 headset looks like complete dog shit.  I'm sure it will be super uncomfortableï»¿ after an hour.,102,0,xOneSainTx,onesaint333,UCJhcTuZoOnVb9Nb0RWoC30A
YESiWySYCZXiQRtNRWbYMDaa6CwZSSZyJGZo3vXeXPQ,2013-10-17T21:49:38,2013-10-17T21:49:38,I actually ...,I actually understand some of the things he's saying.ï»¿ Nice to see my german classes aren't a waist of time.,108,0,jjjjjjjjjj11ify,jjjjjjjjjj11ify,UC8aj5eKs2GUN7e_NMh8YcxA
YESiWySYCZUXU-j19Ps1-Ovg3z4ZQJoGz1FAbuN4iIs,2013-10-17T21:39:49,2013-10-17T21:39:49,It's so beautiful  ...,It's so beautiful  so beautiful...ï»¿ I AM NOT WORTHY!,52,0,05candyman,05candyman,UCG9WgUnPXN9xKGPEZ7bDOWA
YESiWySYCZV3d-Av68O18pUxt5lE5_6dT31lgtGY4qY,2013-10-17T21:31:59,2013-10-17T21:31:59,Teardown pleaseï»¿ :D,Teardown pleaseï»¿ :D,19,0,MrBarelylethal,MrBarelylethal,UChkLgFHr8b25ng9vFJlLCng
YESiWySYCZVc623b6r25oROY0HYaPO6tSXog4ODwj9U,2013-10-17T21:24:50,2013-10-17T21:24:50,PLAYSTATION FEARSï»¿ ?,PLAYSTATION FEARSï»¿ ?,20,0,wellooeeeee,wellooeeeee,UC0JWRyC9T67Cl_6ooar5FUQ
YESiWySYCZXQ6bMA2_CMhUz3k_DqYyjIDMC2RrTJKrI,2013-10-17T21:14:12,2013-10-17T21:14:12,Lucky bastardï»¿ !!!,Lucky bastardï»¿ !!!,18,0,beugen2001,beugen2001,UCBpwORg1vQIx_k4cP3Sekzg
YESiWySYCZXMNtrDNUWM9gVAQEtY-2ls-tVT7KdSvXw,2013-10-17T21:11:04,2013-10-17T21:11:04,This is sexual ...,This is sexual harassment... he's touching all her ports!ï»¿,58,0,invrunner,invrunner,UCdCUKLfIZIdLT5pXOk-v0vA
YESiWySYCZWkmpUom71395rODVjACc0W_jlp5rPfPg4,2013-10-18T05:08:40,2013-10-18T05:08:40,HOLY SHIT ! ï»¿,HOLY SHIT ! ï»¿,13,0,Tran Vinh Nhat,-qhoXVm-sxYeMfK5uCdu9Q,UC-qhoXVm-sxYeMfK5uCdu9Q
YESiWySYCZUnRUtL1v9dbBQI4Jfb9LWeGcOZnVKqeaA,2013-10-18T06:34:03,2013-10-18T06:34:03,we'reï»¿ on it!!!,we'reï»¿ on it!!!,15,0,Barack Obama,WolverinePlusbeaST,UCOhUJJSuEjgHArnnqWtvQCA
YESiWySYCZUOeOOIFIn1CiPX4n2-YB8wHH-zP8eBlnw,2013-10-17T21:04:07,2013-10-17T21:04:07,OMG!ï»¿,OMG!ï»¿,5,0,TheDeathKillerx .,TheDeathKillerx,UC_kTU7bpe2f4q2vM6rOsXWA
YESiWySYCZXx7eFVH42pNh95QUH65TVGxuM4j6xq0P8,2013-10-17T21:03:09,2013-10-17T21:03:09,is he? ;)ï»¿,is he? ;)ï»¿,10,0,TheDeathKillerx .,TheDeathKillerx,UC_kTU7bpe2f4q2vM6rOsXWA
YESiWySYCZXznHnNjzeUw9ZLDqUH8U-rgk3TkZ-x9hA,2013-10-17T20:54:07,2013-10-17T20:54:07,Greatï»¿ video,Greatï»¿ video,12,0,Davon Thompson,workbirdy,UCYGpeejvVpOdIcfV_vmeAwQ
YESiWySYCZWia3k74H1aYfipP41uJMoQQMqjxD5-W5I,2013-10-17T20:38:09,2013-10-17T20:38:09,I can almost ...,I can almost understand what he's saying.......lolï»¿,51,0,L6RD7BLU3,L6RD7BLU3,UCrHzqlWRmn-eTSyqzWpVuuA
YESiWySYCZVahu-_Sh_L0YbeVDNVAwT7EBTh0FoKWec,2013-10-17T20:35:17,2013-10-17T20:35:17,also he is ...,also he is trembling badly!ï»¿,28,0,Hristos Stylianou,bravedwarf,UCTFaeS6zhpKcUxBmK-E52Dw
YESiWySYCZVp6IjCJUzEDdLPVy8ilqGZ_Cdson43r9Q,2013-10-17T20:34:54,2013-10-17T20:34:54,germany why no ...,germany why no deadï»¿ rising 3??,31,0,Hristos Stylianou,bravedwarf,UCTFaeS6zhpKcUxBmK-E52Dw
YESiWySYCZVhGg3qaqnorBHtBfQjqVwZjYn4cBX1GYI,2013-10-17T20:33:49,2013-10-17T20:33:49,willï»¿ haben! ;),willï»¿ haben! ;),15,0,cbOne1978,cbOne1978,UCMZ6eaWw_G3jFjvVLAdOUSQ
YESiWySYCZWfd5EnTH0CSWU_2aSaQm5xjQVY-wMppL4,2013-10-17T20:33:47,2013-10-17T20:33:47,Do aï»¿ user ...,Do aï»¿ user interface video please!!!!!!!!!!,43,0,stephree90,stephree90,UCF4Vf6rEBrSVzfwhffIDDUg
YESiWySYCZU2ofkgh5pziY5_xqzQNPgfUeQImuEghKo,2013-10-17T20:28:33,2013-10-17T20:28:33,dasï»¿ Headset ist ja ...,dasï»¿ Headset ist ja nicht so geil ...,37,0,ExperiPuer,ExperiPuer,UCReag3pmBisK720hVcfbi7A
YESiWySYCZXPaTzenn4cmFYLjYdqobUiifQBJ8-PRFQ,2013-10-17T20:28:06,2013-10-17T20:28:06,so ugly  looks like ...,so ugly  looks like an eraser or a bic razor  sony always makes the ugliest systems  ps2 ugly  ps3ï»¿ ugly  now ps4. ps1 was ok but certainly not pretty.  plus they're usually so underpowered  like ps2 compared to xbox  which makes it even worse.,244,0,Cryengine,Cryengine,UCpLt0CBHY5m8GXK-vXHl9rA
YESiWySYCZXQSwypZS-4s4L40eLrXUZ7rFSjrsbb1dg,2013-10-17T20:33:58,2013-10-17T20:33:58,troll harder kid.ï»¿,troll harder kid.ï»¿,18,0,HiimGrumpyChicken,HiimGrumpyChicken,UC5_kvk5oYehNJ4jYcHOH7-Q
YESiWySYCZVp6IjCJUzEDY8iAJ9Yrb7sk0Se2sKU1mU,2013-10-17T20:34:54,2013-10-17T20:34:54,I didn't know ...,I didn't know idiocy could be displayed at this level.  Mind = Blownï»¿,69,0,Havocks Crysis,havock711,UCRaaSyLo5KkN5YTpvhrsKEA
YESiWySYCZU_di7itCr7a2dgvVKbTpaoNXQv6PK9ZGs,2013-10-17T20:42:51,2013-10-17T20:42:51,Yeah  compare PS2 ...,Yeah  compare PS2 and Xbox 1 sales. PS2 is still the best selling console to date. And theï»¿ ugliest system is the other One. You Mr. Xbot  have failed miserably.,161,0,HorcaCZE,HorcaCZE,UC0WDJ8GoRyQFDYwBIE7U2yA
YESiWySYCZWcO7QbF-p5qi55a-w93YzqVeNHkuCAAnY,2013-10-17T20:25:41,2013-10-17T20:25:41,gettingï»¿ xbox one,gettingï»¿ xbox one,17,0,Cryengine,Cryengine,UCpLt0CBHY5m8GXK-vXHl9rA
YESiWySYCZWrMMfCDc2MhwReV0pOQA0cVowE5e8oG4c,2013-10-17T20:14:27,2013-10-17T20:14:27,Die PS Taste ist ...,Die PS Taste ist doch nichtï»¿ neu !,34,0,Bonti,Bonti1983,UCP1ToJMd7EO919kpFy1_-YA
YESiWySYCZWnUtjFanp1IXhCj378x0TjGyIA88zTCks,2013-10-17T20:13:52,2013-10-17T20:13:52,Einmalï»¿ direkt zu ...,Einmalï»¿ direkt zu mir nach Hause bitte ^^,41,0,NordWestBerliner,NordWestBerliner,UChUENJeELJ8B9ENpB5Qai1w
YESiWySYCZW83ie9ofvmOF50LWR6_CaDUTqcLYZZJsw,2013-10-17T20:09:07,2013-10-17T20:09:07,itï»¿ has no games,itï»¿ has no games,16,0,IamJacksColon4,IamJacksColon4,UCqpDa4XHw0HO0Gg0SvHMwHQ
YESiWySYCZWRK6ig9rwnGaTDPMqb-R6ujk8jkHNDRdw,2013-10-17T20:07:04,2013-10-17T20:07:04,I'm so damn jealous ...,I'm so damn jealous right now! lolï»¿,35,0,RedStarr2121,RedStarr2121,UChQsGLzOi2FqToYgc9rpDXg
YESiWySYCZWklcR-BH0E0yfwCvlDZMDszVcGDCUTNHw,2013-10-17T20:04:30,2013-10-17T20:04:30,testing unit? can ...,testing unit? can itï»¿ play games?,33,0,LOLMAN22,LOLMAN22,UCQmGVoBHKIIgRPTNud0dxRQ
YESiWySYCZUuklFsLU51L70cBtNoRal2HfcUvzTeDnE,2013-10-17T20:04:06,2013-10-17T20:04:06,With theï»¿ size of ...,With theï»¿ size of that box  I figured it was an Xbox One.,57,0,Krakn3Dfx,Krakn3Dfx,UCJWFoKvMlJDXnGSYu2aUFFA
YESiWySYCZWXtdDQOFBLg2vv0jt9UzZ6P84oeFYq2cw,2013-10-17T20:03:09,2013-10-17T20:03:09,I lucky to have one ...,I lucky to have one! !!!!!ï»¿,27,0,Jason  Miller,NpSsd6kMHlN2gwlQmUgRcw,UCNpSsd6kMHlN2gwlQmUgRcw
YESiWySYCZWkpj98ljvAmkTewXuDpzTeW3LF6hcatko,2013-10-17T19:58:50,2013-10-17T19:58:50,Geilllllllllï»¿,Geilllllllllï»¿,13,0,Ali Alok,alau87,UCuHrWwTLJWQ3cZZYfo3e2Pw
YESiWySYCZU21iLqiPFhLpxSp31S7SCu7gztuXJqg7s,2013-10-17T19:57:30,2013-10-17T19:57:30,You luckï»¿ son of a. ...,You luckï»¿ son of a.... :D,25,0,RedStarr2121,RedStarr2121,UChQsGLzOi2FqToYgc9rpDXg
YESiWySYCZVHcyaUwqhzl1ZGvmdMCw_sRtt-stV9d3o,2013-10-17T19:55:49,2013-10-17T19:55:49,lol this guys ...,lol this guys having an orgasm overï»¿ the PS4.,45,0,solidn6,solidn6,UCAnpxG9ZAVGEmAR2sH_l1OA
YESiWySYCZWTSWKazEQZveykRaVUFmlHBri16TNKZwA,2013-10-17T19:54:18,2013-10-17T19:54:18,fuckï»¿ u lrn english,fuckï»¿ u lrn english,19,0,uutuber431,uutuber431,UCeYS8agw15CGjlFvabpfzsA
YESiWySYCZVmPPhUfhzlJJ_x3o9NUE8nTd5lRmo0t_8,2013-10-17T20:04:49,2013-10-17T20:04:49,Learn german ï»¿ sir ...,Learn german ï»¿ sir =D,21,0,Michael Witteck,Strompupaa,UCcW_v0eGWU-5dJvK0QgQ7_w
YESiWySYCZWiacRx3_cAuvM-7TXsdOGOPS-y-Ta1G-Y,2013-10-17T19:53:57,2013-10-17T19:53:57,Theï»¿ rear looks ...,Theï»¿ rear looks like a predator or a sports car ready to pounce.  I'm so god damn excited!!! ahhhhhh,100,0,Wendy Cheslock,uQSX78_Bvqs4dsexTcdiGA,UCuQSX78_Bvqs4dsexTcdiGA
YESiWySYCZXVDKaRj4F3U51cQRws4-dkREBhgaF9EDg,2013-10-17T19:53:46,2013-10-17T19:53:46,Amorix is aï»¿ hoe.,Amorix is aï»¿ hoe.,17,0,tattashot,tattashot,UCvJwuFP5d1O-PYeRgfnDtbg
YESiWySYCZVy5um9uIi9lmG0R2FrUwP8hoCrVNlmGK4,2013-10-17T19:50:51,2013-10-17T19:50:51,Show us theï»¿ HDD ...,Show us theï»¿ HDD replacement please.,36,0,HorcaCZE,HorcaCZE,UC0WDJ8GoRyQFDYwBIE7U2yA
YESiWySYCZXqpQJ-pTmDWQSgfJgR5KT-3TUHI_3-gXk,2013-10-17T20:04:03,2013-10-17T20:04:03,Tomorrow maybe..ï»¿,Tomorrow maybe..ï»¿,17,0,COMPUTER BILD TV,computerbildvideo,UCXeBejAs0cIw4a3UFy1SuIg
YESiWySYCZWDLebWmxPtZcaUEwsxbIv03zWOJs675EY,2013-10-17T20:06:11,2013-10-17T20:06:11,Can youï»¿ tell if ...,Can youï»¿ tell if the drive bay will take the taller 2.5" hard drives?,69,0,Krakn3Dfx,Krakn3Dfx,UCJWFoKvMlJDXnGSYu2aUFFA
YESiWySYCZWfEHQnZ7AqHt_MiFI0qXLw0t_RMmI7acE,2013-10-17T20:38:04,2013-10-17T20:38:04,Thxï»¿ man.,Thxï»¿ man.,9,0,HorcaCZE,HorcaCZE,UC0WDJ8GoRyQFDYwBIE7U2yA
YESiWySYCZU6p1D6MK4Bow_qO0OY0MlfzRYySHgHDyg,2013-10-17T20:52:54,2013-10-17T20:52:54,Please you would ...,Please you would get so many views if you did an HDD replacement video. I have a lotï»¿ of people that would love to see that. Highly questionable and requested video to be seen before the launch is how to replace the HDD. I myself have a 1TB HDD waiting to get installed in my Ps4 when it comes and I want to put it inside there mid night I get my Ps4.,351,0,Rikuson1,LuXun5,UCUZJMinzAOiOkGRdM4DoXew
YESiWySYCZX3JsBGrP_dGSZk7ETmMdZjxj64Xb60sIs,2013-10-17T19:48:10,2013-10-17T19:48:10,Sind eigentlich ...,Sind eigentlich irgendwelche Testversionen  Demosï»¿ mitgeliefertï»¿ wordenï»¿?,73,0,Craziestout,Craziestout,UC8gt6X5wQnM8ozhNE76SNNQ
YESiWySYCZUFt-gJOhjzLQxpv-liDQX4K_Qrg4JMUOk,2013-10-17T19:41:51,2013-10-17T19:41:51,Thanksï»¿ for ...,Thanksï»¿ for unboxing :),23,0,SpunerChannel,SpunerChannel,UCR_E6rcmiOkiWPwRRGQyNbA
YESiWySYCZUSH08bCpRrMSx1jnsbunpXdYmKakezeiQ,2013-10-17T19:37:10,2013-10-17T19:37:10,Smaller  more ...,Smaller  more powerful than the Xbone? To top things off  it doesn't need an external power brick. Is this witchcraft orï»¿ is Microsoft that incompetent?,152,0,riceplain,riceplain,UCzg-RuxziSYsbneKdCAAxxw
YESiWySYCZVIk3RyDz8qLLYjt7DX1Y5NBfkxU_NUXPk,2013-10-17T19:36:55,2013-10-17T19:36:55,Amirox likes cockï»¿,Amirox likes cockï»¿,18,0,mittensmcromneyton,mittensmcromneyton,UCXjDr3ijZDMNjYb5TsnYmag
YESiWySYCZUfqp9Cr2zwKPrK5vxuoSCACWmZkx_17n0,2013-10-17T19:36:09,2013-10-17T19:36:09,Looking forward to ...,Looking forward to playing Ryse (I think that's right).ï»¿ Just saw it on a friends Facebook. Graphics look sick. Pre-ordered my PS4 months ago...need to go pre-order that Romans game.,182,0,Ibuyforgames,TCm8UKS6qnlm-ZYjVdxX3A,UCTCm8UKS6qnlm-ZYjVdxX3A
YESiWySYCZVWOFXID6eltvXoEV_Xjpy__jxa06Kx-Vw,2013-10-17T19:40:11,2013-10-17T19:40:11,Uh  Ryse is for ...,Uh  Ryse is for xbox one ... you might want to change your order if Ryseï»¿ was why you got a PS4 (though personally I'd stick with the PS4 for future potential and not having to put up with MS's crap).,200,0,tigress666,tigress666,UC4GvhkEFSC9yL9AlZ-18FHw
YESiWySYCZXaFvuaAsnxbHFy0ZtsL5M4GXQXhZ9E10s,2013-10-17T19:35:37,2013-10-17T19:35:37,Sony engineered the ...,Sony engineered the bestï»¿ console ever. Can't say the same for Microsoft.,73,0,riceplain,riceplain,UCzg-RuxziSYsbneKdCAAxxw
YESiWySYCZV5zpyKgDO7JL0OleWDQEyitgJPIi-2lBA,2013-10-17T19:35:36,2013-10-17T19:35:36,Sexy Bestieï»¿ :),Sexy Bestieï»¿ :),15,0,Cylon731,Cylon731,UCWc11mnL9g47YDBfYDYNHSw
YESiWySYCZWpO7pL5iaBs8lIKZqFZrClPLyYv7MbL7A,2013-10-17T19:29:37,2013-10-17T19:29:37,Informationï»¿ ...,Informationï»¿ statement!,23,0,Saud Mohammed,DrS3ud,UCexwJqlrmaMZQBq-GerVJXw
YESiWySYCZW_YFhPp8vbrqp3c-sYAUmibFnvlVg6dz4,2013-10-17T19:29:05,2013-10-17T19:29:05,Shisen!ï»¿,Shisen!ï»¿,8,0,MegaLiftman,MegaLiftman,UCtTFhLOo9kMIv0JAkIFaFEA
YESiWySYCZWJcGDCcQc20X68-mMKX_Sqws2-zC3JNfQ,2013-10-17T19:27:48,2013-10-17T19:27:48,Wunderbar!   (I'mï»¿ ...,Wunderbar!   (I'mï»¿ American),28,0,CDoci,CDoci,UCr7jLJ4CFdqvbXuzQadK9lA
YESiWySYCZXRNG-oQnHiWDuHs0SsDpY5eaW6EIm29ZI,2013-10-17T19:04:38,2013-10-17T19:04:38,"Und auf YouTube zu ...,"Und auf YouTube zu sharen"... - Sicher dabei? Denn bislang ist das noch Ã¼berhaupt nicht von offizieller Seite bestÃ¤tigt worden  ob YouTube Ã¼berhaupt unterstÃ¼tzt wird  grÃ¶ÃŸte Video-Plattformï»¿ hin oder her. =),208,0,Kratos4ever94,Kratos4ever94,UCrsVHB8gh8Cs0KCgsczEskw
YESiWySYCZUTfVcJgcD0mOnyz3P5tdKHm6XqS7zFqjY,2013-10-17T19:02:43,2013-10-17T19:02:43,Packt lieber dirï»¿ ...,Packt lieber dirï»¿ Xbox One aus nicht diese Drecksteil !,55,0,OneDefusion,OneDefusion,UCSrWObsLoCFWPdLSVSGWx1Q
YESiWySYCZUlHA3es7bl1uYrRHC6tVbD7hDJuGvEk9E,2013-10-17T19:19:47,2013-10-17T19:19:47,Und du arbeitest ...,Und du arbeitest erstmal anï»¿ deine Rechtschreibung ok ?,55,0,Dominic Jarke,DominicJ97,UCRaS1GrP2mhhCa91eW2E_VQ
YESiWySYCZVeHHPUFOPilJYzEPErkH2l7qbEHOoMhkg,2013-10-17T19:37:25,2013-10-17T19:37:25,Werd endlich ...,Werd endlich erwachsen kleinkind. Deinï»¿ Konsolenkrieg interessiert keinen.,74,0,xJumPeRJumPzZ,xJumPeRJumPzZ,UCGSdnBdT0V1VEW-wFFaAk5Q
YESiWySYCZVKThFQDzGhlQ3Lx0LTfam-jVrUq4zil8c,2013-10-17T18:19:23,2013-10-17T18:19:23,Cooler Redakteur  ...,Cooler Redakteur  aber die PS4 selbst sieht leider wie die VorgÃ¤nger etwas billigï»¿ verarbeitet aus. Da hÃ¤tte ein schÃ¶ner schwarzerlack mit Stahlelementen sehr gut getan,168,0,KarlTheBee,KarlTheBee,UCUo_qquV_GOQyI5_TmJg2Xg
YESiWySYCZVviGc6y115-ejEsUmaYCor2FejbKiesBE,2013-10-17T18:10:59,2013-10-17T18:10:59,so toll ist es ...,so toll ist es jetzt  ja auchï»¿ nicht...,39,0,Ced Pas,MountainbikeDrive,UC9u9gWwBhQNFn9K48dxbEKg
YESiWySYCZU9KCZfr37R83iYZZpz9sPpKqEJ9YnLpvc,2013-10-17T16:46:52,2013-10-17T16:46:52,Ich kann Julian nur ...,Ich kann Julian nur zustimmen :)ï»¿,33,0,ThePswm,ThePswm,UCg9_mBn6x8_JpXsMNkndsUw
YESiWySYCZXeGWipUbV2eKKFhChlDjtzatg9VFkzwk4,2013-10-17T16:43:54,2013-10-17T16:43:54,Endlich mal jemand ...,Endlich mal jemand der voll und ganz inï»¿ einer sache aufgeht...top!,67,0,Remo Niekrenz,f1PSgRW_FuyTu4vOjYGzDg,UCf1PSgRW_FuyTu4vOjYGzDg
YESiWySYCZXlLZXxKk8q6QRyVUmQutDZcYXkFNT-Bus,2013-10-17T16:21:23,2013-10-17T16:21:23,Der Redakteur ...,Der Redakteur gefÃ¤llt mir bei ComputerBild am besten. Der freutï»¿ sich sehr Ã¼ber die Dinge und ist mir auch sonst sehr sympathisch!,130,0,Julian Wild,wildTV007,UCeBRiR7LzOSa7MYOA94thNQ
YESiWySYCZVLuHR2Ubnv2EtvwY-A_YzXrAFURl8IP80,2013-10-17T16:06:36,2013-10-17T16:06:36,Da gebeï»¿ ich dir ...,Da gebeï»¿ ich dir recht,22,0,ItsDrasticz,ItsDrasticz,UCJ_UVqpQzpAgcPJ87ZYRWxA
YESiWySYCZXLsfcJ8f53onRoNVUAXF-9NNpsoLl5Pfw,2013-10-17T15:59:40,2013-10-17T15:59:40,Wie gerne ich jetzt ...,Wie gerne ich jetzt Redakteur bei euch seinï»¿ wÃ¼rde ;D,53,0,TechJokerly,TechJokerly,UC8vdE59mPY51qFT9xRT2JFA
YESiWySYCZUXJOAHjQEzRauEKO42DkSFVRnDRM3yt64,2013-10-17T15:56:30,2013-10-17T15:56:30,Haha wirï»¿ der sich ...,Haha wirï»¿ der sich freut! :P,28,0,Chris denrestkannstedenken,TheChrismedia99,UCt96FRGfpgxeZ7_ccjQf2aQ
YESiWySYCZUX7wQYw96DU0AXZWPygVeHoZLwOQ9Y6yE,2013-10-17T15:55:48,2013-10-17T15:55:48,Ich will auch!ï»¿,Ich will auch!ï»¿,15,0,ItsDrasticz,ItsDrasticz,UCJ_UVqpQzpAgcPJ87ZYRWxA
YESiWySYCZV8bWJOq5Z8FyIK-5iINBYZYw78Muwxob0,2013-10-17T16:05:17,2013-10-17T16:05:17,Das wollen wirï»¿ ...,Das wollen wirï»¿ alle :(,23,0,Ritterboy1000,Ritterboy1000,UCSaKJ0EUmwS9GqJQJhodOPg
YESiWySYCZV91We4VM8NOnSBTimCUpm7bqDHWaUTyKk,2013-10-17T15:25:14,2013-10-17T15:25:14,Viel SpaÃŸ beimï»¿ ...,Viel SpaÃŸ beimï»¿ spielen ;),26,0,ninischil,ninischil,UCAii2H-UyH5w7TEB5KhgWeA
YESiWySYCZWpF3VLCkMJrflOwb68NIom5TVCK7AJJLU,2013-10-17T15:21:12,2013-10-17T15:21:12,Ersterï»¿,Ersterï»¿,7,0,mathis mones,yuga571,UCIJdB84Safq5vf8A6upOuDA
YESiWySYCZXdrjWplOjrtny3vrpFJQzW5t8CdKZZE90,2013-10-17T15:20:41,2013-10-17T15:20:41,Dannï»¿ wÃ¼nsche ich ...,Dannï»¿ wÃ¼nsche ich euch viel Spass damit. ich muss ja zugeben ich bin schon etwas neidich:D,90,0,Worx0800,Worx0800,UCtq4TdwlUJ_Qh1WzUG75hVw
