"COMMENT_ID","CONTENT","TAG"
"KkPHYh_qS5b4JEe4I6DUA1D5OsA0hvNVGup1YL5KfUQ"," facebook. com /AilithPhotography please like :) ",1
"KkPHYh_qS5b-Ultuzu1Mfkcu2Djw98LJNZfU2gPAUDY","- * I BET YOU WON'T READ THIS!* - 15 Year Old Hip-Hop Artist Out Of Ohio. -  With Dreams Of Being A Successful Rapper - I Don't Rap About Weed, Sex, Or  Money, I Rap About Real Life Things! - So To Help Me With My Dream, View My  Music! - Subscribe, Comment, Likes, Any Feedback Will Help - Even If You  Give Me Negativity, Just Because You Listened To My Music Helps! - THUMBS  THIS COMMENT UP So More People Will See! - Thanks For Your Time! - Miko  Payton",1
"KkPHYh_qS5bOK9zfX7-NmiIRSnRQgQIKGOwgP_MFpUQ","&gt;&gt;&gt;PLEASE LOOK!&lt;&lt;&lt; please subscribe to me :) i do different videos every  thursday and sunday! i also sing:)) please help me reach my goal of 100  subs! :D",1
"KkPHYh_qS5a62aKGMM_1Y0HvY3XT5KoiX4E7S50saKM","#JusticeForBionic 11.11.13 Katy Fans, please stand together with Christina  Aguilera's Fighers on 11.11.13 Buy Christina Bionic album and stand up for  justice. Christina was sabotaged by Lady Gaga, Akon and Perez Hilton from  2008 to 2010 If you're confused please read this. justiceforbionicexplained  (dot) wordpress (dot) com",1
"KkPHYh_qS5Y2NefVYcbQu7tkEDKvdgTmX__qcidtyn8","‚ñâ‚ñâ‚ñâ‚ñâ‚ñâ‚ñâ‚ñâ‚ñâ‚ñâ‚ñâ‚ñâ‚ñâ‚ñâ‚ñâ‚ñâ‚ñâ‚ñâ‚ñâ‚ñâ‚ñâ‚ñâ‚ñâ‚ñâ‚ñâ‚ñâ‚ñâ‚ñâ‚ñâ‚ñâ‚ñâ‚ñâ‚ñâ‚ñâ‚ñâ‚ñâ‚ñâ‚ñâ‚ñâ BRAZZERS PREMIUM ACCOUNT GENERATOR  OCTOBER2013!! brazzers-premiumaccount-generator2013.blogspot.com DOWNLOAD  FOR FREE AND HACK BRAZZERS IN ONLY A FEW SECONDS !  ‚ñâ‚ñâ‚ñâ‚ñâ‚ñâ‚ñâ‚ñâ‚ñâ‚ñâ‚ñâ‚ñâ‚ñâ‚ñâ‚ñâ‚ñâ‚ñâ‚ñâ‚ñâ‚ñâ‚ñâ‚ñâ‚ñâ‚ñâ‚ñâ‚ñâ‚ñâ‚ñâ‚ñâ‚ñâ‚ñâ‚ñâ‚ñâ‚ñâ‚ñâ‚ñâ‚ñâ‚ñâ‚ñâ",1
"KkPHYh_qS5bFVn7RcHIbUTLXYSGIwreU0kg-aEtXuso","‚óÑ‚ôù‚ñ∫‚ñ∫/‚óÑ‚óÑ‚ôù‚ñ∫I get paid over $87 per hour working from home with 2 kids at  home. I never thought I'd be able to do it but my best friend earns over  10k a month doing this and she convinced me to try. The potential with this  is endless. Heres what I've been doing,‚òõ,‚ñ¨‚ñ¨‚ô´‚ô´‚ñ¨‚òõ‚òõ‚òõ FOX94.COM ‚ò§‚ôâ‚ò§‚ôâ‚ò§‚ôâ‚ò§‚ôâ‚ò§who,  ironically, would later become an FBI informant. ‚ÄúWhat do you think?‚Äù",1
"KkPHYh_qS5YV6ND8YIyMmeB6QJjzYxh4tG0PM_POQNM","‚ô¶‚ô¶‚ô¶‚ô¶‚ô¶ My college drop out sister Kelly(now mom of a b'ful kid) is making  $86 just working for 4-5 hours daily on their computer at home. He was  fired from his job before 8 months but last month his income was $21869  just working on the internet . I JOINED HIM TOO..know what to do  ‚Ä¢‚Ä¢‚Ä¢‚Ä¢‚Ä¢‚Ä¢‚Ä¢‚Ä¢‚Ä¢‚Ä¢‚Ä¢‚Ä¢‚Ä¢‚Ä¢‚ñ∫‚ñ∫JUMP26.COM‚óÑ‚óÑ‚Ä¢‚Ä¢‚Ä¢‚Ä¢‚Ä¢‚Ä¢‚Ä¢‚Ä¢‚Ä¢‚Ä¢‚Ä¢ ‚ôé‚ôé‚ôé‚ôéYou don't have to disrespect  and insult othiss simply to hold your own ground. If you do, that shows how  shaky your own position is. ",1
"KkPHYh_qS5aZFxlO2seT5KtUffKkfQiMsmu7mSz9ocg","‚ù§ ‚òÜ ‚òÇ ‚ù§ ‚òÜ ‚òÇ My college drop out brother is making $86 just working for 2  hrs in both shifts daily on their computer at home. He was fired from his  job before 8 months but last month his income was $21869 through the  internet . He CONVINCED me to TRY ATLEAST. Believe me its trusted Extra  Earning Source. Know what to do ‚Ä¢‚Ä¢‚Ä¢‚Ä¢‚Ä¢‚Ä¢‚ñ∫‚ñ∫‚ñ∫‚ñ∫‚ñ∫‚ñ∫‚ñ∫ BAM80.COM‚óÑ‚óÑ‚Ä¢‚Ä¢‚Ä¢ ‚ôé‚òÄ ‚ôé‚òÄ ‚ôé‚òÄ ‚ôéYou  ever have the feeling you were in the wrong place? That if you could just  get over the next hill, cross the next river.",1
"KkPHYh_qS5Zfx22j05em__G7NCH-S2DKIiBpUNGgaEY","‚ûú HELLO YOUTUBER, sorry for bothering you I'm 16 and I‚Äôm a  Dancer\Singer\Gymnast from London, I upload videos every 4 days of songs  people comment they want me to dance too. I have uploaded 20 videos so far,  Please take a minute of your time to look at my channel, Hopefully you will  enjoy watching my videos, Please like this comment so other please may see  it! Thank you everyone who reads or watches my videos and a Big thanks to  all the people who subscribe David D'Amico‚úç ",1
"KkPHYh_qS5bCoXlYkaotq9Zk9lZAdHoSAbG_2P4H7R8","‚ûΩ‚ûΩ‚û®‚û®‚ûΩ‚ûΩ my best friend's sister makes $64 an hour on the laptop. She has  been out of work for 9 months but last month her pay check was $12544 just  working on the internet for a few hours. here are the findings, ‚û®‚û®‚û®‚û®‚û®‚û®‚û®‚û®  JUMP85.COM ùåå‚û†‚úî‚ù™‚û†‚úì‚û†‚ù™‚ù•‚û†ùååPlaypens and swings, sling to tuck the baby into.  Lots of things can entertain a baby, and build learning skills and  dexterity and motor skills.",1
"KkPHYh_qS5ZuNU3yp0u43ZNoybsutMTfpjeBVwP0rL8","99.9% of people wont read this but If just one person read this it would be  awesome I am a 14 year old i am trying to enter in the music industry Maybe  i am just a dreamer but i am not the only one. Please give me one chance to  prove myself to you I know these things are annoying as hell i am sorry  about that. But i'd do anything to get music heard Please visit my channel  subscribe if you like and thumb this comment up so everyone can see I make  all styles of music Link: /watch?v=kZoN1eRF6D4",1
"KkPHYh_qS5Z-MT2rhExXh-FWbMEDPB3LMb3dgbmSiEU","Add Sophie@hotmail.co.UK she is my friend",1
"KkPHYh_qS5aTOKBq0EL7Kcm8grMQXYnj1LNDmL-4PdM","Are you curious as to why they created this video? Me too! If only I could  know why. Some things are never meant to be known, I guess. One thing I'm  now thrilled about is this new dating web site I discovered. They make it  easier to check out images of those people you will meet. If you're single  and tired of watching youtube videos all by yourself, visit this site now.  MyLocalDateFinder.co¬≠¬≠m",1
"KkPHYh_qS5ZbLX3saK1DwJpNkXRWalqtpwkwx5kVfw0","bangbros.com after this!!!",1
"KkPHYh_qS5a6D8eGP1UT0xSI4Al4pL17O8MhSYdIw_c","Being rewarded to fill out brief surveys in the home has enabled my mother  to quit working and earn in excess of 3500 bucks every month. You may learn  precisely how at this great site bit.ly\17r6r0i",1
"z12iw32irr2sdnsqq04cct2jrpm1dreb0ng0k","Billboard Chart Top 100  ‡∏ß‡∏±‡∏ô‡πÄ‡∏™‡∏≤‡∏£‡πå‡∏ó‡∏µ‡πà 19-26 ‡∏ï‡∏∏‡∏•‡∏≤‡∏Ñ‡∏° 2556  ‡∏≠‡∏±‡∏ô‡∏î‡∏±‡∏ö‡∏ó‡∏µ‡πà 3.Roar ‚Äì Katy Perry  ‡πÄ‡∏û‡∏•‡∏á‡∏≠‡∏∑‡πà‡∏ô‡πÜ --&gt; http://gplusthai.com/?p=9658Ôªø",1
"KkPHYh_qS5Y9wMqYraOYs4OgK9cScl-vf30JgbZN1BE","bit . ly/17uGGSy . if you want to work online check out this site.really  working I did $325 per 3 hour .amazing",1
"KkPHYh_qS5YtoQONetydEdCeauanXMA2TyGJgUB4V54","BUY BANGERZ ON ITUNES AND PRE ORDER PRISM. THE GREATEST POP ALBUMS OF THIS  YEAR.",1
"KkPHYh_qS5YdxaDjHm7wpybBl_TpTcXkyi9afRv-RIY","BUY iTunes ON ITUNES PRISM PRISM PRISM Album the best songs in this albuum ‚ô•",1
"z133ebyy5oz4xvae122bitaobtrrgjnhg04","BUY NICKI MINAJ NEW SONG ""Pills N Potions"" on iTunes!!! Ôªø",1
"KkPHYh_qS5amehyUSNtCZy_CLzfPchNgbqzbvh_q8-w","check out this song:) youtube.com/watch?v=e87BGMhcU8o",1
"z12ovhy5dz2ngvhsv22ze5xw5ma3tfs0a","everybody who subscribes on my channel I subsribe back :) It will takes a  few seconds haha. Thanks!Ôªø",1
"KkPHYh_qS5ZZ9mPwLWrAkUufrCdEgPjm0XoNJecgc8k","Follow me on Tumblr: ashleyeinck.tumblr.com I follow back 100%, I promise.",1
"z12dcnhbkrf2crdt523pwbwwkrfjt15sb","For those on Twitter, Please open and RT this link  https://twitter.com/MrMileyCyrusWCS/status/470257627834773504 to share for  #1YearWeCantStop which is on June 3rd and also follow @MrMileyCyrus on  Twitter Please RT that linkÔªø",1
"KkPHYh_qS5Y25tgRqGRUqcfgNGJNcVMpFRcOymjdBUg","Getting paid to respond to fast paid surveys at home has allowed my father  to quit working and receive about 3500 bucks each month. This great site  displays exactly how bit.ly\17r6r0i",1
"z134yviy0nilt11lz22hhrxjgnnnxhv5q04","Guys #Buy5HBOSSOnItunes its really great!Ôªø",1
"z13fy1kwbz3je3yq004cehvissz4yll5l2w","Help me :) http://steam-cards.com/?click=c96724Ôªø",1
"KkPHYh_qS5YhCUiJ9j7smsGoGEUd4LgBubrC0YaTGog","Hey :) , I know these comments can be annoying My name is Anais and i'm 17  years old :) can you check out my cover please let me know what you think  about this cover and if you like it PLEASE SUBSCRIBE :) thank you :)",1
"KkPHYh_qS5Z3LvVCMSGbmxfgmzPOZog5x0iLAsQ_viA","Hey everybody! My name is demitra and i'm a singer/youtuber! it would mean  a lot if someone would go over to my channel and check out my videos and  hopefully you'll like what you hear/see and maybe subscribe! I did a cover  of this! Please check it out -3",1
"KkPHYh_qS5Y4PffOvh_blx_VApQhjpzSom7QiwCWhv4","Hey everyone I would really appreciate it if you could please take a minute  to read this, it could be life changing for me. I'm Raye, a 16 year old  female from England. I am desperately doing everything I can to get noticed  to start a career in the music industry as a pop performer/entertainer. I  sing, play the piano and guitar. PLEASE just view my videos, like, comment  and subscribe! I am truly grateful to every one of you that reads this to  help me pursue my dreams! xx ",1
"z13jvdm40q2ddzh3n230chtaswb3hvgmn","Hey Guys Can Check My P.Cover For Unconditionally I Hope you will Like It . Please Subscribe.Like and Share.. Thank you so much for reading this.^_^Ôªø",1
"z124hxyyanrnwxcwj04ccldxzsfje5rrmt40k","Hey guys pleaseeeeeeeeeeee check out and subscribe to this youtube channel  called us4queens :) we need more subs and we are hilariusÔªø",1
"z13kx1j5yke4jnqca223txi4qqbejdz20","HEY GUYS!! visit my channel please, i hope you like my videos!!Ôªø",1
"z12ufx3x3oiezlgke22dsdjjhwmitpenm","Hi everyone! My name is Julie, I'm from Italy and I love music. If you  want, you can visit my channel. Tell me if you like it and subscribe! thank  u so much! :)Ôªø",1
"KkPHYh_qS5YCznrbKQ_VlRDnxHp7b49EKLijl-2PMfc","Hi guys! My name is Ashley, and I'm a youtuber. Before you stop reading and  continue scrolling, let me just say that since I have started making  youtube videos, it has impacted me greatly. I realized that I love making  videos, and I'm really hoping for them to get big one day. Every video I  post keeps getting better and better. It would mean the world to me if you  guys could please check out my channel and give me a chance. If you think I  have potential, subscribe! Thank you for reading this. :)",1
"KkPHYh_qS5aT_8Nb6cnMtBRMofn_T06wrJohhJAnkzo","Hi youtubers, I did a cover of this song and I was wondering if any of you  could share it? Watch it? Tweet it to Katy? I promise, watching it, will  not be a waste of time. I'm not pretty like others so I'm an outcast, but  it would mean a lot if you watched and maybe subscribed? ",1
"KkPHYh_qS5aexPkQHaLdg4CnMcqhXT6vFOIsEGbU1wI","Hi, sorry to bother you Please help me, im a 14 year old girl that wants a  chance as a Singer I know there are millions of girls like me posting  covers like me (so im not special lol) Please just give me one chance to  prove you that i can be different I have many covers and original songs i  wrote I know i'm not professional but i put my soul on my videos Could you  please thumbs up this comment so others will see ? :) If you read this  THANKS and if you are thinking of subscribe THANKS :,)",1
"KkPHYh_qS5YTpEMLVQd3QSAeYpQ8_Lw-5GC16rgCYvM","Hi! I did a cover of Story of my life! :) Please subscribe and check it out  ;)",1
"z12ijx5gqorlvtz1f22eenhbptf0fle0a","HI!:D!:) We‚Äô re TWIN MELODY ,17 year old twins :) WE DID SOME COVERS!!WE DID A COVER OF BIRTHDAY BY KATY PERRY!!  PLEASE JUST TAKE 1 SECOND AND WATCH IT!! THANKS,MERCI,GRACIAS,DANKE,OBRIGADO,GRAZIE ‚Ä¶.    !!!  &lt;3  XX HAVE A NICE DAY !!:DÔªø",1
"KkPHYh_qS5bJ_-BgMcRmU_DUqB9zeBueEvien7aEafw","hmm hsohbet.com",1
"z123w53obxv4svktd22sjlyapzaoerf2h","http://JobandPay.com/?id=29372 YOU HAVE TO SEE THIS!Ôªø",1
"z13vyltjprmmylkat04cdrhb5sbhe5bghpk0k","http://puu.sh/a6N3f.pngÔªø",1
"z13hfx3omzuvefsjy04chbgpvqeufbibpzw0k","http://steam-wallet-cards.com/?click=15ab80 click for free steam cardsÔªø",1
"z12gv3ty3vm1u11ac04cfvmr5kucyl5rzo40k","http://vk.com/id121500488?z=photo121500488_311695742%2Fphotos121500488Ôªø",1
"z12gzf2ppn2ygzby404cczrq4yjmd53ak0o","http://www.ebay.com/itm/111427063291Ôªø",1
"z12vf3ho3szbzjomt22wxt24ezmtivnvo","http://www.ermail.pl/klik/UH5XYGoDÔªø",1
"z12tjxvwoqrxiboy304cfjuohvvmspsjn54","http://www.feedermatrix.com/?ref=bluebird22Ôªø",1
"z124zlkqzvy2wrovp23lvjaxwse5fjto304","https://soundcloud.com/djboomslang/katy-perry-roar-boomslang remixxxxÔªø",1
"z12nezurfozryju2p22tjdvqct21fluyo04","https://www.facebook.com/photo.php?fbid=905117282848264&amp;set=a.399751246718206.111907.100000500031099&amp;type=1&amp;theater¬¨if_t=photo_comment  KINDLY LIKE THE PICTURE THANKS üîÆüîÆüîÆüîÆüîÆüîÆüîÆüîÆüîÆüîÆüîÆüîÆüîÆÔªø",1
"z13gvtaabxavivxax04ci51zwofrzncrhsk0k","https://www.indiegogo.com/projects/save-humanity-make-university-at-an-affordable/x/8098556 Ôªø",1
"z12ehrnhdzj5xpalc22ohxe4lvjcfb4hi04","I have the best moment of picture click this video  http://www.tusfiles.net/st8bgrwx4l7h  and for the download all image related inside video click this link All Pictures: http://www.tusfiles.net/xgcxgzjf73g2  this video I made for knowing that life is beautiful if we I realize and be  aware of our environment. I would thanks be to God with any condition and  situation everywhere and anytimeÔªø",1
"KkPHYh_qS5Z5jG865Osyoj1l8AAXYlZHGsOI1d8Tepg","I was surprised this video has gotten a lot of views! I was saying this on  my date last night and they could hardly believe it either. As soon as they  saw the video online, however, they understood why it is so famous. If you  want to meet a special person to discuss stuff with, you should check out  this dating website I'm using. It really works! Here's the web site...  MyLocalDateFinder.co¬≠¬≠m",1
"z12nc14yxmjouttpz04cejizyqetyx4g0a0","I'm thinking of doing a cover of this idk I I want 2 though nevertheless  please go subscribe to my channel I'm a singer who's wants to make it big  someday so please go check my channel out a sub!!Ôªø",1
"KkPHYh_qS5ZQP-b3XAhIgOf9kZ9X0LRKuXayMrcdTOA","If the weather was better, I'd be outside at this moment instead of  watching youtube videos like this one! This video isn't really bad, but I  had a lot more fun during a date last weekend. I'm just saying! Seriously,  if you want to meet someone to have some real fun, I suggest going to this  dating site which can make it easier to find the person who's perfect for  you. MyLocalDateFinder.co¬≠¬≠m",1
"z12rfvx4zqa3wpkwn04ch3iotyebzplolb0","IF YOU ARE INTERESTED IN HAVING AN ANNUAL PURGE PLEASE GO TO THIS LINK AND  SIGN THE PETITION  https://petitions.whitehouse.gov/petition/establish-annual-purge-day-upon-which-all-emergency-services-are-suspended-12am-12pm-following-day/mgXZz9bZ Ôªø",1
"KkPHYh_qS5b_hy2VdAKtx8GOupuWZzFkE9-3xbFXdnA","If you want your website or url to get over 2 MILLION targeted visitor copy  the link bellow your browser NOW to get yours ( %100 GUARANTEE )  fiverr.com/linda_service24/show-you-how-to-get-over-2-million-usa-targeted-free-traffic-to-your-website",1
"KkPHYh_qS5bOFhdjZsPHTgMJ_3N1YtjZPCR_SllSbpo","incelemelisinema.blogspot.com",1
"z12tgrdhynyoflnuv233crta5x24spx21","Join My Channel Buy A Rank Now!Ôªø",1
"KkPHYh_qS5ZzqPO7uwrXaoJiUjKGyivx5RuGFSHOcgo","listen to my audio : westside love ...on my channel and don't forget to  like and also subscribe to my channel",1
"z12lznzzdluvjtyyu04cfvpponeyfbwxstc0k","LOVE THIS SONG SO MUCH KATY YOU'RE THE BEST!!! ########## Please Subscribe My Channel~ It""s A Music chart: )) Thanks: ))Ôªø",1
"KkPHYh_qS5ZbF9nvQp8VSJ8IZ16fPEgTZGENPAc-0-g","my best friend's mom makes $63 an hour on the laptop. She has been without  a job for 7 months but last month her check was $17731 just working on the  laptop for a few hours. why not try these out MAC50.COM",1
"KkPHYh_qS5aiGEOYKOTbBQRmuPQOR-WmdHHpkuj5MNk","my co-worker's step-mother makes $89/hour on the laptop. She has been  without a job for five months but last month her pay check was $14973 just  working on the laptop for a few hours. find out here now CAFE65.COM ",1
"z12fdlfoxzeoujnft23duzdwrsahitwdu","My dream is to be a journalist and commentator of my favorite team the  inter  Some people do not believe in me .. but maybe you.  inter is my favorite team since childhood and I think it is better to start  to get noticed on youtube then please give me a chance checking out a video  of mine!  If you like my videos, subscribe (:  Thank you very much! &lt;3Ôªø",1
"z12tixdibrvxh5gc222aehkxuljvzdutd","My fellow KatyCats! My name is Alina Vergara. It would mean so much to me  if you could type ‚ÄúAlina Vergara City of Broken Dreams‚Äù into Youtube and  check out my first original song! And, if you like it, could you please  like/comment/subscribe? I apologize for spamming but singing is my dream  and I‚Äôm an unsigned artist so any little bit of support from you would help  me out immensely. Thank you all and much lovee beauties:)  xoxo AlinaÔªø",1
"z120c1z5skqpu5htc23cipohbwb0sf02h","new ..  https://www.facebook.com/pages/Hard-Fixed-Matches/628000197295775?fref=tsÔªø",1
"KkPHYh_qS5aiIR9b2EGQnXL--md_JvzUbNrx7JA7Z3o","Nice! I just got an iTunes card code for FREE! :D ht tp: //w ww  .freeitunescode. org",1
"z12ludlqjozjypxfh232z5vyloanubpil04","Please check out my music guysÔªø",1
"z13rxlqypqerxxkbt04cd5myznemj5urpiw","Please SUBSCRIBE to our new YouTube channel. Y.C.Q stands for You Cant  Quit. Watch our introduction video to get a clear understanding of what we  have plan for our channel. We will be focusing on educating, inspiring, and  uplifting people through our videos. Join the movement, war against  negativity! .. by the way I'm new, so the channel will improve overtime  with your help!Ôªø",1
"KkPHYh_qS5ZbmW4mbFsuJSWBkxIFUZtA1xoAG4WeLwY","Subscribe 2 me ps luv this song‚ù§Ô∏è‚ù§Ô∏è‚ù§Ô∏è‚ù§Ô∏è‚ù§Ô∏è‚ù§Ô∏è‚ù§Ô∏è‚ù§Ô∏è‚ù§Ô∏è",1
"KkPHYh_qS5Ysftr3PVIJl2M7oqUSaPestTewIfPM2rM","subscribe to my channel replacement always!!! ",1
"z12isxe5irqut5oej22ctx35vvmpy1lpt04","THE BEST HANGOVER CURE ON THE MARKET!! IF YOU DRINK ALCOHOL YOU MUST VISIT  THIS WEBSITE!! WWW/FLAIRE/CA CHECK IT OUT EVERYONE!!!Ôªø",1
"KkPHYh_qS5ZaPIKuWMP2PuduXpyFvhmijAsjK8ZwmLc","The very first time I saw this video, I turned in my chair and remembered  there was nobody there to share it with. I have all of you - and you're all  amazing, okay, almost all of you - but I am really missing to have someone  special in life, you know what I mean right? That's why I joined this  dating web-site. Check this out if you'd like to try to find me there!  MyLocalDateFinder.co¬≠¬≠m",1
"z123vfxojkixtndz104cc13a4nirhlvopxk0k","This code S2969674 with Appnana to get 9 99999999 points and you can buy  everythingÔªø",1
"z134s3ry4lrgenxgi04ce32bsy3zt3jieqg0k","Try my vids am trying to earn money for my bro for collage nobody really  gave a crap try them if you like them please subscribe I love you guys üòÉüòò  thanksÔªø",1
"KkPHYh_qS5YDvz8x0s5VJx1oIUW__Af7OORG14MtK4o","w w w.soa2k3.site50.net",1
"KkPHYh_qS5Z3NxMg-eE2NyiddOzrSrsrTDKyvG7kzj4","winkel.bol.com/winkel/hislop",1
"KkPHYh_qS5a49liysV9kgO0Ka4wJUVNKoNSG84Q1CmQ","Women come from venus Myspace.com/tmp.inc/music/songs check out that song  if you love women",1
"z13vgxmqblnuu5xtm23hf3gozpr0yzdia04","Would you please help a student to finish her homework of website  evaluation? Please fill this short survey online, And thank you so much! Here is the  link.  https://www.surveymonkey.com/s/YCXB8TTÔªø",1
"KkPHYh_qS5bV1QWhWdRd1Vw2ylWMrV81jPUqtsqY40M","youtube. com/watch?v=-G22j5chJkI",1
"KkPHYh_qS5YM8GiW2b5lNYHykMk8W74St0a_tvyxZW0","youtube.com/watch?v=EwFlh7nLnHA subscribe",1
"z13qu1e40p2xvly2x234xxdwdo3rvpuqb04","I love Katy Perry and I love music Ôªø",0
"z13yt1043sedino2r23bhbob1pa2u5la004",";-)Ôªø",0
"z13by1jy1tuvx5jds22vfzzgztvhfxh11","""kitty purry"" lolÔªø",0
"z12uup5idsmzjbksp223hxuqvsuwsnpwf04","+700.000.000Ôªø",0
"KkPHYh_qS5Ye9qbSFT0zFTGe7Wqv8-B2hwK6Zv1JtEE","A quick note to all the folks here who believe ""this song rocks"" etc. no,  it doesn't. It has nothing to do with Rock so please learn your  terminology. Second, this ""song"" is an uninspired 4 minuted and several  seconds worth of ""hey, morons will buy this, throw it together quick so we  can milk them senseless."". Please, for the love of intelligence, STOP  BELIEVING THAT THIS SHIT IS GOOD. STOP IT NOW!",0
"z12ahhu4buu2yljmo22xjjuywzvfhrdix04","A Tiger?! In Africa?!Ôªø",0
"z13henyqlofzvp5o504cgnjrbznjzl3jzqs0k","at least the video is goodÔªø",0
"z13td1gx2veggxvxt04cftmozq33ud4a0dc","best awesome song of Katy Perry (ROAR)Ôªø",0
"z12ujhlhulyfslffg22ze5oyttb1tdlqc04","Cathy Perry I'm just your best fanÔªø",0
"z12zgzoo4zzqudh4l04ccrzarqyxtpwgrgs","Checked this two bit wonder out for the first time. As much value as a used teabag). Can't sing, can't dance and looks like a boot.Ôªø",0
"z133yxxw0teiivyzo04cehjbavi1fvjrchg","COOL MONTAGE.........very good))))) LIKEÔªø",0
"z12fjnmw5xzzzr5nh22euv3omyvuxxqfi","Did the tiger scare anyone else the first time they watched this...Ôªø",0
"z13lul14bwukhdlng22uhnkg4srqh1ne2","everyone, ROARÔªø",0
"z13dxnordtqmtv1qv04cf3lrhnurc1qh1ag","Eye of the tiger = the illuminati Ôªø",0
"z12bhbq4gwbaupewd04cfblprninjn1z0ts0k","fake jungleÔªø",0
"z13jwj4gvuupcf3gd04chjfa1lbhc1ghav00k","favourite character is the elephant  i like its flappy earsÔªø",0
"z12yzj3yvryrxbpbm04cgdfpfza0yzawkdo","Finally 666 mil viewsÔªø",0
"z132dd0akk2evzrcf22td5ohgvjfcfwkf","For u no whoÔªø",0
"z12cfpch2ta2dvybs04cepbwar2gdxnxahc","go to 400 millionÔªø",0
"z121x5ybvwaxvlesx23lj3jqfrz3stk33","god made man in their image ?Ôªø",0
"z12axxpa2p2cdxu1p22vwfya1kz1gps4o04","Good thing she brought her spray-on tan, hairstylist, makeup artist, and  cameraman.Ôªø",0
"z13ddjxgypfbddrch22surdx3vave5tjf04","hayÔªø",0
"z13cgf2bhx24uf4oz04cediwwqf4jbyzpyw0k","hello there KATY PERRY,  I want to go to the beach and the zoo,  as you may or may not be able to tell,  I love you in this video,  and the rest of the gang...  my E.T. days are long gone,  but my pup friend, kniVey Heartbeater, was with me the entire time...  shes my personal lion,  you should see her when another pup barks at me,  she runs at them like you wouldn't believe,  shes not very large haha :DÔªø",0
"z12jiz4oxpvwgvj1k22mz5rbix3ejd05e04","Hi this my loved video and I think its the good ways for you to learn  English too.Ôªø",0
"z125edu4al3pwhol522kxpqyopuchjgq504","Hmm :))Ôªø",0
"z132gzxqhpv5shql523oi1rr1wvzy1e4f04","HotnessÔªø",0
"z135cltzena3dju1t222crwauwfcwbrst","House Lannister theme songÔªø",0
"z125xt3z3lbcg3s5h04cdjj4ytbux3gy4ns0k","i dedicate this to my mother who told me i should kill myself last night.  You wont push me down you worthless bitch. Ôªø",0
"z13jj5yx2lmeznske23dxrg51xnyhtrae04","I fucking hate her. Why? Because she don't write her songs she got  producers for that. Second why tha fack is she in every song almost nude  mayby because she's an attention hooker.Ôªø",0
"z13itbiawxagur5fu22oirajns2dcrlv3","I got my eyes on you're boobs &lt;3Ôªø",0
"z12nftuxjrbncxcmd22xdnu5kyrxfdxf2","I got the eye of the tiger! ‚ô´‚ô™ Heu heum heum pardon...Ôªø",0
"z13uxrshbpi1vfijb04cgrbaqlrlh54j3fs","I graduated from my high school not to long ago and this song was are theme  song cause are mascot was a tigerÔªø",0
"z132ffrzfwuau3yh404ccp1xvrnnwbegg34","I know none of you will believe me but I swear I have fucked Katy Perry.Ôªø",0
"z12uixlxmze5fh0vt23zelxhemm3dxxjp04","I like how she named the tiger kitty purryÔªø",0
"z13gul3hyk3fir1z404cgbuaymavi3mho5s","I like it so much.‚ô°‚ô•Ôªø",0
"z13vel2qvsujxnx4h04cf5kwymz1x3ko2ro0k","i like katy perryÔªø",0
"z13ddpbqnkf0tv2no22pz1myvwz5xbu0l","i like she voice,,, love you katty perry,, you is my inspiration Ôªø",0
"z123xpzxsxasdbfit04cgzxyzrzfdpgbu0c","I LIKE THIS SONGÔªø",0
"z13beztzdxfaxtlei22dupvjlyzbxj2tl","i like this VideoÔªø",0
"z130wrkqnxmgg5w4e04ceh4h1z2ov1nysyo0k","I love itÔªø",0
"z13lx3hadpe4cphc122dz5542mbdixrzy04","i love katy perryÔªø",0
"z13uhfazpsvxed2x004chpwjayudxpvhv3o","I love this songÔªø",0
"z13ivlbgzsbdwjxsc22au5qj3uvnixwmv","i love youÔªø",0
"z12gizjr2lbbt30ym04cc1yivwrqilkicgc","i love you &lt;3Ôªø",0
"z13nc1lrrprdwlsrt04ccbjroriygflbuvw0k","i love you KatyÔªø",0
"z12tjh0bzkvqwy4kknbjfheaxte3uihc","I love you kety.Ôªø",0
"z130djwaguzlhbuek232xnooqkevfnjqg04","I love you so much byeÔªø",0
"z13hc5mr4wnzfz1uq23gshgr2muutfz4404","i love your song heaps and i agree with you I                                                                       vÔªø",0
"z12xdhtotkffgpb4e04cdtaidmiqznbzfpo0k","I love your songs      'Ôªø",0
"z13lznujbw2ojpbtg23iyjc5znudhzpc2","I LOVE YUOÔªø",0
"z13cwza45yn3fbuvi22fyhvrslncdloar04","I really like her roar single.Ôªø",0
"z12ysngrwny4vrvb504cgbhbmlrbi1ngmzc0k","I really like this song, what's it called?Ôªø",0
"z13pupgrsoeqf1mqz04cc3ib5lqzy3upsw40k","I was crying win Katy was singing  and I think I am cousins with her cause  one of my friends at school said if you guys have the same eye color you  are cousins and all of my other cousins have the eye color brown and  blue and my friend also said people with blue eyes and brown are your  cousins but my friend has like king of greenish eyes well lucky me Katy  Perry is my cousin!!!!!!! YAY!!!!! I can not believe this moment right now  this  is awesome!!!Ôªø",0
"z12hyb4wvqf0frnbg04cjzkhvzr0iz24wcg","I would love to be stranded alone with Katy PerryÔªø",0
"z12ywhfinqziibe5504cdxy4nt2dx3ubatc0k","If you listen to the song backwords instead of hearing ""you wanna hear me  roar"" she says ""we can only roar"" im serious got check it out yourselfÔªø",0
"z13uhzhqmryyt3pub225ht5b0snhijlpw04","is that guy ders from workaholics?!Ôªø",0
"z12mhbmbhlv5jbi1n231chnqtrmkjrenc","It should be illegal to be this goodlooking as this babe is...Ôªø",0
"z121xf3jtmayujdtk22nfttqvkeyvxu3f","It's COOL.....AMAZING !!!!!!!!!!!!!! HeeeeeyÔªø",0
"z12hctez0qajvzu4204cij2h3zzxezbx0x40k","its kind of nice i mean i did a cover with my friends i with my friends at  schoolÔªø",0
"z125jx0w4zqxgff2c23nznriftm5i1e5d04","JUST LISTEN AND LEARN !!! SERIOUSLY !!! EMOTIONS ARE SPEAKING !!! OPEN YOUR  EARS !!! IT IS NOT MUSIC !!! BUT THE EMOTIONS WHICH YOU BROKE !!! NEED  REPAIRS !!! NOT ENOUGH TIME !!! AND YOU ARE STILL BREAKING THEM DOWN !!!  THE RISKS ARE HIGH !!! PAY ATTENTION !!!Ôªø",0
"z13asb54lkjejnbvx225cz3qmyqqwf4ig04","katy 999 more subscribers til 10 mil good luckÔªø",0
"z12hhxhwrwvgw5wjg04chtjhipzmxvdao0o","Katy have great voice^^ and I like this song^^Ôªø",0
"z12whljxrozqjb4c123xijgjdw3yyfopi04","Katy is a good actress. Love the video.Ôªø",0
"z12zytdgqtfrzvot023rgfpqowiojntme","Katy is Chuck Norris in jungleÔªø",0
"z12qj1hqeyiex5cal04cfrkzaxj5inczzlg0k","katy is miÔªø",0
"z13odfj4atu3vdw0k22xwbtrftfoubzwf04","katy is mine the girl of my dreams ‚ô•Ôªø",0
"z12kwrn4owfyt5ywc04cex54uqm0u5cb3sk0k","Katy perry Ôªø",0
"z13ljpd4kpmkufnfw23uxvppdtfningfi","Katy Perry - Roar (Official) : http://youtu.be/CevxZvSJLk8Ôªø",0
"z12bwz5bnk32wblox04cflpaemjws1w41hg","Katy Perry - Roar (Official): http://youtu.be/CevxZvSJLk8 Wild songsÔªø",0
"z12dujcgssjgd505g04ce5zzlka4d1p40vs0k","Katy Perry can't sing for shit. All i hear it autotune.Ôªø",0
"z12fwbjjjka3xncxf04cgz5whq32grlzuv40k","KATY PERRY FOREVER!!!!!!!!!!!!!!!!!!!!!!!!Ôªø",0
"z12lsjb52wbvhl2yr04cdtfqdn2jy3cr45s","Katy perry if you sold you're soul to Satan you shouldn't of did that  because he's tricking you to go to hell you would of prayed to God if you  wanted to be a famous singer I wanted to be a famous singer but never mind  my life sucks and sometimes I get bullied from some person but my life  changeÔªø",0
"z13xxhsonvzksvjf222myp3g4wiaxvqah04","KATY perry ur a great singer love this songÔªø",0
"z124xhpyoma3ejfcn22df3yqqpymedf3s","katy perry very godÔªø",0
"z13qhdl5rsjfizqyn04ceznyrwbaxlgz0u40k","LOL :)Ôªø",0
"z12uu3kjfsnlib5kc22twblhqkbysfstz","Lol! I like the alligator teethbrushing. :)Ôªø",0
"z12xh3qz5kqlthpmf23ayfbgulepjzyr104","Looks like Nidalee X3Ôªø",0
"z13zvl5xktaxgjbr304chz1qbxr3jh1rgwg0k","love song and messageÔªø",0
"z130ivk43k2jf5scz222hjnbqqquvbuk4","love this songÔªø",0
"z13zejnwprrhwdomt22fslebyry4v3mvl","love youÔªø",0
"z12wg3xbalaxi3fin04cfrnxys3wdrebjg0","meowÔªø",0
"z13xstfxal3lsfzk422ysro4tyjguz4x304","nice sngÔªø",0
"z13otnd4uvy4gdgu323yvl5r4k2vzdctx","Nicely done.Ôªø",0
"z13ozbapwzzgxnw1w22lglaznnu2wpq4s04","Not badÔªø",0
"z13sgrf5ynewzzzyh04cejxwukmkwvd4r5c","OMG!i can't stop looking at her boo...Ôªø",0
"z120dfj4irb3vbrkz23nehkzkneqgjevh","overproduced shitÔªø",0
"z13yx54ojkf1hd4gf04cjpmotqv0cr0bygg","perfect &lt;3 we love you katy!! &lt;3&lt;3Ôªø",0
"z13kuflyxoqkgfi4r04cehrgqzr0h3nirz00k","Porque ROAR tenga 500.000 M de visitas no significa que sea la reina del  pop, ni la ama. Porque sino PSY CON GANGAM STYLE ser√≠a el m√°s importante.  ROAR nunca ser√° mejor que BAD ROMANCE. (Dato)Ôªø",0
"z122zdkjkoqcwzhnq22ovldwxsjhflcej","Que buena esta katy perry, se me caen los huevosÔªø",0
"z13qvtpq5wzwv5ivl232wdaz5svksni2v","QUEEN OF THE JUNGLEÔªø",0
"z13bftv4lz2he1fgx04chdqzdzn5whiyzqk0k","Rawrrrrrr xD   good to see you after a whileÔªø",0
"z13ud54wowyuwx1qc04cfj2hkqfutpeqgh4","Roaaaaaaaaar oooooooooooor)) I like this!)Ôªø",0
"z12wxpm4hze4elhnm22txvaxatefzlb1b","roar :))Ôªø",0
"z12rjlfw2xnpfhs0i234urybile4xdqhc04","ROAR lolÔªø",0
"KkPHYh_qS5YGG70zIbeowdeimVsWRkDGPW4DNx_GUuk","she caught a banana with her stiletto. come. on. i know she's not a  vegetarian.",0
"z12kstz4owbggv12p230vpcwntjbyrqim04","She is fitÔªø",0
"z12ngn4bqvudelxal04cffni3qb0eflxwkg0k","She's hotÔªø",0
"z13vx1ipdvbcelnnj222vf5qmz3fv5buz","Sorry, but even if Roar will pass Bad Romance, It'll still a stupid song! And I'm sure people will never remember it !Ôªø",0
"z131yjlayvrbhvyqc04cfblprninjn1z0ts0k","The jungle isn't anywhere close to this in real lifeÔªø",0
"z12vjt35honahvpv223vctlrmn3bzd3bv04","the lannisters send their regardsÔªø",0
"z12rzd5wxqi2crshu04cfru5asiij5ypzug0k","this is for you friend JNY DEP‚Ñ¢Ôªø",0
"z132hftjmnajujhf323kfvjb5nrmjdgc5","This is so adorable!! So much better than that stupid ""I adore"" videoÔªø",0
"z13vdfxbvvrswr5yp04cet05zojtupt44uk0k","this song and video is like beyonce's survivorÔªø",0
"z12adjwrytneur1ae04cjzbinnijipioimc0k","THIS SONG HAS CHANGED MY LIFE FOR THE BETTER.  AFTER USING IT FOR A SONG  FOR GRADUATION, IT BECAME AN ANTHEM IN MY LIFE.  KATY, I AM GRATEFUL TO  YOU!Ôªø",0
"z124tpux5wvddvjl422au5qj3uvnixwmv","this video beautilfÔªø",0
"z12jfvgidpafgdzs223sjf1hwobldvolw","This video was roaring awesome.Ôªø",0
"z13zt1epxyfitpp1222zefawqnvmfrhm5","This video will beat Gaga's Bad Romance in the futureÔªø",0
"z130cjd4eqmhy1fwd04chxmoivqfjztyowk0k","Tiger &gt; Lion.Ôªø",0
"z131zdcjmwirzndb104cgzrrmwi5v1aich4","Usually not a Katy Perry fan but I really enjoy this song and the video.Ôªø",0
"z13ey3fotzqluhpms230clfaxnacw35u3","Very goodÔªø",0
"z12qfjzo5pmjv1lfy22js51hgyjsu5yvc","very roaring song!!!!Ôªø",0
"z12bfjcr1kz2yj04m04cgb1wrumkzxiwuns0k","Well I guess she had a muscle Ôªø",0
"z13purriirbxwxmtz23xypnibnqifd4yj04","Well, really I don't like this song. I'm not sure, it's just a tad  repetitive.  But my god, this music video had me dying!1Ôªø",0
"z12kvpfhoujrxtwqa04ch3jgeryfi3c4l5c","Wen you says roar I says roarÔªø",0
"z12aulnr5w2uuvl0b23vgn1y1se3zxx4p04","When the alligator came out of the water, she must have known she was going  to roar. She probably should have been on ESPN this past Saturday and said  Missouri was going to trounce the Florida Gators. Ôªø",0
"z12nwjdh5wqpht4xu04cc5kptqircrxy2s00k","Why isn't she in the kitchen where she belongs? Ôªø",0
"z12jtfdodkjpzrjnp23gxzppcrn1hftwl04","yes ... that is how lions workÔªø",0
"z12xyx0ofretzxrjz04ccjapcqqwyttpfxo0k","you are niceÔªø",0
"z12ihrda3yauexdlr235v55xmlekclsuk","you are perfect!!!!!!!!!!!!!!!!!!!!!!Ôªø",0
"z12sezjzsliyfdpwa04cdd253zunzxaoagg","Your superÔªø",0
