TAG,COMMENT_ID,CONTENT
1,z12sdrup1nysx3pqm04cfh55tke3uhlzwag,  #ProudFeministForEquality #LearnBeforeYouBitch    http://www.merriam-webster.com/dictionary/feminismÔªø
1,z130frwinouqhnfiu04cit2w0kjqxr2xdlw0k,  Click the link and sign the petition to help get youtube back to normal  http://www.change.org/petitions/google-change-the-youtube-comment-section-back-to-its-original-form  Copy and paste to help get youtube back!!Ôªø
1,z13vcvz44qiet1mdc230gj5g3zrxwranp," PLEASE WATCH OUR ANTI-BULLYING VIDEO WE WANT TO GET IT TO 3,000 VIEWS WE  HOPE TO MAKE A DIFFERENCE EVERY VIEW COUNTS SUBSCRIBE FOR MORE  ENTERTAINMENTÔªø"
1,LZQPQhLyRh8XDCzIuvLHK3EvP-W1COMS-rhyzNESx5s, youtube.com/watch?v=-LR8vBGuxkQ
1,LZQPQhLyRh-YFTIXwQyPtpDyPjGqMMdKNnQV9irloms,#1. Go to my channel. #2. Subscribe to my channel. #3. Like all my videos.  #4. Enjoy.
1,LZQPQhLyRh9Vu0gNV39JByB47-N-vH9QVjxfNIIP1Vg,‚Ä¢‚Ä¢‚Ä¢‚Ä¢‚Ä¢‚Ä¢‚Ä¢‚Ä¢‚Ä¢‚Ä¢‚Ä¢‚Ä¢PLEASE CHECK OUT MY PIANO COVERS AND SUBSCRIBE TO ME‚Ä¢‚Ä¢‚Ä¢‚Ä¢‚Ä¢‚Ä¢‚Ä¢‚Ä¢‚Ä¢‚Ä¢‚Ä¢
1,z13nv5gpxuedureqq04cglsb3tarfxkydfo,"Amazing free book for iPad and Mac. You wanna stop to be annoyed by your  parents, jus download this book and show it to them, that you are  interested in things. https://itunes.apple.com/us/book/igidi-explains-world-universe/id795706473?ls=1&amp;mt=11 Ôªø"
1,LZQPQhLyRh85QTj18ryrecNCXOi_xNr3op98NnhWjKQ,"ay Donald Marshall exposed the Illuminati... Human Cloning, Cloning  Centers, Vril Lizards, Parasited Hosts/Hosts Of Vril/Drones, The Soulstone  and more... Check Out: - Donald Marshall‚Äôs interviews on YouTube -  Facebook.com/Donald.Marshall.148 - DonaldMarshall.Proboards . com -  VrilLizards.Webs . com"
1,LZQPQhLyRh_7kzfP5jLiGpbcJMxZKkYlcx4qmJBUAbc,Check out my website forsoftlips (dot) com if you are a teenager looking  for a part time job selling lip products.
1,z12hw5rh2q3pi5o5h04cdfaylry5fdjbsbo,"Did you guys know that there is a place that you can go online to get free  gift card codes? Its really cool and its helping thousands of americans and  people from all over the world. The site lets you get any gift card code  for free! That includes Amazon gift cards, itunes gift cards, psn gift  cards, xbox gift cards, steam gift cards, and so much more! Here is a $50  itunes gift code XXMPHBGS8DGMS57SÔªø"
1,LZQPQhLyRh_fnBLjwyK-F0VDcPsYc3yHQCSt1Lf1u7k,epic music video hope y'all like it youtube.com/watch?v=o9qoxrnnh58 MOST  SEE ! 18 years + share and comment like so every one can see it thanx one  love 
1,LZQPQhLyRh9iLv9WGJsADudzJOshB0Q7dhUx_qRnvJ8,Epic-Rewards. c o m / ? r e f = 3 9 8 9 6 7 delete space free earn game card
1,LZQPQhLyRh_JVugZWyZdIXPFVyC3P35hBA1wXJ7HRxc,fuck justin bieber and look at this guy mutch better then him soon star  youtube.com/watch?v=o9qoxrnnh58 big up for him 
1,LZQPQhLyRh8bMUA9mvCFpZiMyA1t5KsTt0haHdFAF4Q,great song see it ''Bad piggies tower BEST EVER''  youtube.com/watch?v=dZwMa9cVSGA
1,z12gu10qbnmhj3mdn23ki1grglzvi5fhl04,"Great vid and all but guys have i got some really great news for you! Times  are tough and we all know that, Many of us are struggling right now  financially and can't afford many gift cards we want. Thats why this site  is so amazing because its giving out free gift card codes for all of your  favorite gift cards for free! Gift cards like Amazon, Google Play, iTunes,  Bitcoin, Paypal, Playstation, Xbox Live, Steam and much more! Here is a $50  Playstation Network Gift Card 5KMK-A6NH-DE82Ôªø"
1,z12yelfx4tmmx544t04cc3aghsigdza4vw40k,Guys do you want amazing quality graphics? Complete this form:  https://docs.google.com/forms/d/1VqkxAczaDnpNxB2MriFPwxD0s2A2WPbf9pe6NeQbR5A/viewform?pageId=116166331072433993481 Ôªø
1,z13tefxhiryte3spb04chtnwvqbquxxifwc0k,Guys watch this video she can sing  http://www.uvioo.com/video?m=Danny23456&amp;so=yt&amp;v=J7_k5tUeoUcÔªø
1,LZQPQhLyRh8S42RU1L8VrePJs4kYRsaGg9C-SW4fpKo,"Hello Before you ignore this or mark this at spam hear me out! I am a gamer  with a dream, a dream to get to 2500 subscribers. I have 17 right now and i  love everyone of them. Im not asking for subscribers. I'm just asking for  the chance YOU gave these big youtubers such as, TobyGames, SlyFoxHound,  SkyDoesMinecraft, BajanCanadian, ASFjerome. So just give me one chance and  swing by my channel, and take a quick look at my content. I know its not  the best but, i try. Thanks for reading!"
1,z13edn5osnmmd351b22utdm4ir3lztux204,"Hello! Girls from 18 to 30 years. Lease, rent an apartment in New York city  cheap! My skype mrtsteelhammerÔªø"
1,z13ft14g5wqyyx5lb23jxf2x3p33ezyub,"help the petition out against google+, visit  https://www.change.org/petitions/youtube-and-google-bring-back-the-old-comment-system-and-stop-forcing-google-on-those-that-don-t-want-it Ôªø"
1,z122dfurmoigvr0a204cfn4wiyituphwukg0k,Hey guys i know you will just ignore this but take atleast 1 min to read  this. I created a youtube channel 2 days ago and I uploaded some cartoons latest  and oldest so Please cheack it out just take a sneak peak give a view and  subscribe And if by any chance i will subscribe you back please support me Thank you  :)Ôªø
1,z12szh4hmmyxvr4lz23vwfvo4ujhwdrja04,"Hey, subscribe to my channel and I'll subscribe to yours! And I'll know if  you're lying if it says I haven't gained any. Ôªø"
1,z13sdtd4wsbjiv4m223nhxawktuvutwbn04,Hi I started youtube a bit over a week now and already have hit over 100  subscribers. anyone got advice for me? are my videos good should I change  what I upload is it good or bad what I upload any tips/advice for my  channel would help. I intend to make a channel just for quick 5 minute xbox  one gameplays. Thanks :)Ôªø
1,z13vd51iqyzsxtlka22tdveb1szucdc0s,http://earthweareone.com/alien-message-to-mankind-do-you-wish-that-we-show-up/ Ôªø
1,z13yzvji4njawlrji04ch1o5bqvfixbqx3g,http://hackfbaccountlive.com/?ref=4166937Ôªø
1,z13xsxfh0sztejt0g22eyhagusulzpqq204,http://i1.ytimg.com/vi/BdURdRYHwFk/maxresdefault.jpgÔªø
1,z124tj2ypnqexru3w23kt34hzk34etvfx,http://shhort.com/a?r=xmRNDcTKdÔªø
1,z12txpnhurzfhllhn04cdpspeobusp3ie54,http://thepiratebay.se/torrent/11282145/Teenage.Mutant.Ninja.Turtles.2014.HDRip.XviD.MP3-RARBG Ôªø
1,z12qth5j0ob1fx3q404chvy4fz32tbkpllk0k,http://ubuntuone.com/40beUutVu2ZKxK4uTgPZ8KÔªø
1,z12lz3r5bt2wcpemf22tyhvaitz1dbxbj04,http://vk.com/id232968213Ôªø
1,z12ny3wi5wyuir4q504cctj4fny1czqb4jg,http://www.canalplus.pl/sport/oferta-sportowa VOTE BASEL - CHELSEAÔªø
1,z13mtbiyytb2whphh04cefconly5xl0jwgc,http://www.twitter.com/durcayagli follow me guys :))Ôªø
1,z12lztna0zrgtt0tm23yg1riqs3mufuxf04,"https://fundly.com/keeping-my-house?showsteps=1# My golden birthday, I turned 18 on October 18th, make it special for me!Ôªø"
1,z12ogtoipsfyxhpux223ghuytk2ivhe20,https://vk.com/piarfree1 –ø—Ä–∏–≥–ª–∞—Å–∏—Ç–µ –¥—Ä—É–∑–µ–π –¥–æ–±–∞–≤—Ç–µ—Å—å —Å–∞–º–∏ –≤ –≥—Ä—É–ø–ø—É please Ôªø
1,z12jfvo4mlvmtzfbt04cglaa3lyhvn4apvo0k,"https://www.facebook.com/pages/Troll-come√©dy/589486337847649?fref=ts ‚Üê help  please new page, I want to evolve, there ‚Üí „Åù„Åì„Å´„ÄÅÁßÅ„ÅØÈÄ≤Âåñ„Åó„Åü„ÅÑ„ÄÅÊñ∞„Åó„ÅÑ„Éö„Éº„Ç∏„ÇíÂñú„Å∞Âä©„Åë„Çã ‚Üí ajuda  por favor nova pagina, quero evolui-l√° !!Ôªø"
1,z13cwrfr3uuaepx0i22tz10zemyouzj5404,https://www.youtube(.)com/watch?v=7xUlGgATMy8Ôªø
1,LZQPQhLyRh-RVFKUDQUxD65He2a_fG3PCuKOBLhvClM,I know nobody will read this but..... I have a YouTube channel and I barley  get views I have some really funny videos but nobody watches them. So if  your nice enough plz help me out by going to my channel and maybe even  subscribe plz it will mean so much :)
1,LZQPQhLyRh_bTq3S634JsMqXgmIa-BQnJLblSn6GMh0,"I now realize just why this video clip is quite popular! My new boyfriend  (who I recently met at a dating web site) told me I should watch it and he  was absolutely right! I can't wait to tell him later. Or perhaps he will  see this comment! He is a really great boyfriend . If you need some love,  you must give this dating web-site a shot. You will like what you discover,  I'm sure. MyLocalDateFinder.co¬≠¬≠m"
1,z132zrdysxfui5uis04chjqr2mbqt3jq2pg0k,"Instead of complaining, make an actual difference...   https://www.change.org/petitions/google-change-the-youtube-comment-section-back-to-its-original-form#share Ôªø"
1,LZQPQhLyRh--2u3EfNzixGLPVyoBNxcFM4u7pbwPRj0,It is possible to quite simply generate 5-25 dollars for 15 minutes of work  by filling out quick paid surveys at your home. You can find out precisely  how at this amazing site goo.gl\u1G3Im
1,z13axxyb0vv5yt04q04cixsosunuizprm5s,PLAY GAME http://www.erepublik.com/en/referrer/sinisa91Ôªø
1,z120tpz4jw23uvzgm04ccjb53trjzxr5eps0k,"Please dont ignore.Wacth my cover of Give your heart a break and help me  get it to 1,000 views by sharing,commenting and subscribe.Make my dreams  come true.Ôªø"
1,z133zp0iuqu1uvfhl04cg1lwpkjyzrmwuio,"PLEASE WATCH OUR ANTI-BULLYING VIDEO WE WANT TO GET IT TO 3,000 VIEWS WE  HOPE TO MAKE A DIFFERENCE EVERY VIEW COUNTS SUBSCRIBE FOR MORE ENTERTAINMENT  PLEASE WATCH OUR ANTI-BULLYING VIDEO WE WANT TO GET IT TO 3,000 VIEWS WE  HOPE TO MAKE A DIFFERENCE EVERY VIEW COUNTS SUBSCRIBE FOR MORE ENTERTAINMENT  PLEASE WATCH OUR ANTI-BULLYING VIDEO WE WANT TO GET IT TO 3,000 VIEWS WE  HOPE TO MAKE A DIFFERENCE EVERY VIEW COUNTS SUBSCRIBE FOR MORE  ENTERTAINMENTÔªø"
1,z12ohdxjtsatvppjb04cctprprb1slnxdf4,Show your AUBURN PRIDE HERE: http://www.teespring.com/tigermeathoodieÔªø
1,LZQPQhLyRh80_UvDr8e_eU2WCp_rTzQelbawat4yztc,sign up to venmo with this link and receive $5 upon your first payment  tinyurl .com /k3bldr5 
1,LZQPQhLyRh8OWsMGzpXShkCvvpQgG_elY_IDzc3nLkg,Subscribe aand ill subscribe back 100% guarantee !
1,LZQPQhLyRh86zCZH1d6d9k4MUcsJLk1-FuqeesQV6c8,Subscribe and I will sub back tomorrow :) I do Gaming videos.
1,LZQPQhLyRh_YwWPOTv3imt5DL-MbBzBjbseFfRUfPXU,Subscribe me guys! Let's be friends on youtube! GANG NAM STYLE!!!!
1,z12hi3i52prdvfv5k04cdt3b1xzfgfbqir40k,subscribe me please and i will subscribe anyone that subscribed meÔªø
1,z13li3szwmrpzjfbv04cc1y4hybuhzuyn5o,subscribe to me if you just clicked on this video to see the views :)Ôªø
1,z13wdp2qkxfggff5d04cdpcw1oq3wbei4ds,subscribe to my channel if this song is super goodÔªø
1,z13otx1pmr2gu1ajk04cj1iyrpueff5r4uc0k,Swagbucks helps me earn a little extra on the side doing simple tasks like  watching videos and playing games  http://www.swagbucks.com/register?rb=12530323&amp;cmp=72&amp;cxid=1200-twitterÔªø
1,z12egbbr5lekxnoem22jdd3xgnnih1xtd,test if you are able to make money; see if you are strategic and financially skillfull; see if you can make real money from this; http://www.marketglory.com/strategygame/SMART-XÔªø
1,z12ygppj0y3kjj5up23nellidn2px5gmh,The YouTube Music Awards are coming next month. What music video would YOU  nominate? http://bit.ly/P0yHOJÔªø
1,LZQPQhLyRh9vKhPl3lcrA4yZORajjrelGMuALlK3_7w,Ukrainian leading dare to repeat this dance. As he got here  .youtube.com/watch?v=0qQChhrZGPs
1,LZQPQhLyRh-9mDOQIjknm8oTZ_dfwsaX_Omhf3a8MlI,VISIT MY CHANNEL FOR HOT SEXY BIKINI GIRLS !!! :D :D
1,z12estzxxw32vxhmi23strdimxapy5py004,Want an Xbox code go to  http://www.prizerebel.com/index.php?r=AwesomePrizesÔªø
1,z12ihfty3ln3yrnwo04cgnnpakrqjtlh32o,"Whahahahh, fake views look this and like so every body can see:   http://adf. ly/Hzugk ( without backspace) and press skip ad  like so every body can see!Ôªø"
1,LZQPQhLyRh_fzwCbHGxnN_OPtkHEPvQdOHR1PoxebT4,youtube.com/watch?v=h5N1ZsmFt7s Pls watch and subscribe!
1,LZQPQhLyRh-qhgDz597dSzftiOT_7cM4-IGfwmsO3tc,youtube.com/watch?v=LL8I_QiclaU
0,z13uzxr5xtypydvbe04cc3cjqnzsxdx54us0k,"2,112,911,578 Visitas PSY! Is the Best!!! :3Ôªø"
0,z12ixxhwfx3evbsc122oup1bjozsdtj4404,  im still questioning why the most viewed video on youtube is a music video  from south koreaÔªø
0,z12fe5hbzlzdvdpe222dyds5xxn4vl2dk,:DÔªø
0,z12pini4xyefc3txx04chhixjpucfbq4jac,*Sighs* Those were the days when Gangnam Style was popular... Ôªø
0,z12yyhq5os2mczdv122gyzwbqnmixn4tf,"1 888 628 623 views, wait...more than that,wait much more.Ôªø"
0,z12ny3ejbqzac5wsi23cy1gbwvrmfh32d,"1st comment, 1st like, under 301 club. Kappa.Ôªø"
0,z12hi15gwpvjdxgnn22pv14xwyued52d2,"2 billion vews, 8 million likes, 5 million comments, lolololol famous prickÔªø"
0,z13wgxkoolyrjdhqw04ci5eptnilgbijmis,2 billion views including aliens from outer space watching it too Ôªø
0,z12ghzfyembjylelv22uhzta1pzfgp0pd04,2 billion views... That 2/7 of the human populationÔªø
0,z12dxftrrou1vhj2i23xulugbpu4zhh1v,2 years since the video was uploaded and people still come to watch it xDÔªø
0,z12vdllbhsefed3y004ci3fzarfbzb0xue4,3 000 000 000 !!!!!Ôªø
0,z12xvhcqxmv5zpq1m23kzbab5quudzhe3,5.271.374 Comments :O Ôªø
0,z12fxzkbfmiucx20s22vzzbpzkbygv5a504,8 MILLION LIKE + 2 000 000 000 VIEWS!!!!!Ôªø
0,z131c3rbdkywclu4404cjxkiktr5ejziyuw0k,AKA The most viewed Youtube video EVAH!!!Ôªø
0,z13idbjxeprdzpo0n22qyjpw3w30yzvny,Almost 2 billions views. Congrats PSY.Ôªø
0,z13mtb5irl3qhj2si23hfl4zunnhddxk1,Am I the only one who noticed you don't see his eyes throughout the entire  videoÔªø
0,z12lslay3kznvbvs323whjpbhk2tszlwn04,american people is so retard :'D the world have around 7 billion  peopleÔªø
0,z13lyn3zgy2fhzxrf04cglv4wnjzflf5q3s,asians will rule the wolrd !!!!!!!!Ôªø
0,z13tdxszbl3pxzyka23ach3guuuyvzt5s04,At this rate would be 3 billion in 2020Ôªø
0,z13wuxxjzsecjjzue22dzfr50zrjtd1rm04,because of Korean bbq is the best.Ôªø
0,z13zs1upbwzxi5gno22zghx4vrv4sz3pc04,BEST *-*Ôªø
0,z12zuxgoaurzcd2pm04cczhjcq35vl0g5bw,BitchÔªø
0,z125gzgp2wy4hfvgr04cjbqjvujphhso4a4,Came to see how many views this had and ended up watching it again. Ôªø
0,z12kf5yxjpiadrpgd04cdrs5knafc3hqiho,Cool;)Ôªø
0,z12bi5ojtoapuxi5z04cgfjrrn3jufyhoiw,Dat dance thoughÔªø
0,z12wcd2boyucjziha04cgxz4wri1sttalrk0k,"Dayum, this video has been watched by 2/7 of the planetÔªø"
0,z13lh30btuyyxv0rr04cfnsjzxrtfba4law,Did  2billion views died deathed?Ôªø
0,z12vvr5a3kznjrd3o23nyv4omtbne5o4504,"do you guys go to this music video just to see how many views this has, Or  is it just me?Ôªø"
0,z12jdhxq3ubsvdm2s23rgh0gmpmgcl3m0,Dude he is GAY!!!!!!Ôªø
0,z13dux24qsyjw1x5q04cflqbdqmsgruo40w,each 200 views someone likes this videoÔªø
0,z12ti3iyylykgvlqa04ci5qjqkafxjvhavw0k,FAKER !Ôªø
0,z13ajdporkf4glrxz04cefugfretzlugnlw0k,Finallyy... about time this shiiitt died out -_- ... was awesome at  first... Hardlyy anyone understands this shitÔªø
0,z12pvt0zdryzxrnxl04cid2iszvvcfijyao,First comment!Ôªø
0,z12fsd0pcpmuhpbdo23rv5e42syjhb45g04,First time i've came here this video had 200k views and 500k subscribers. Now i'ts 2 trillions and 1 subÔªø
0,z12qxbxzste4v34rg04chvaagmulzpu4044,for breaking 1:38Ôªø
0,z12dhxjakqvcs1br004chfja5sefufioqew,fuck of gangnam style Ôªø
0,z13eex2yzxykihsme22wy3qresqrxbuan04,fuck you GANGAM STYLE! ^^Ôªø
0,z13fsvlazpamul2yp04cj3z5xwq3d3pwhvs0k,gangnam style til i dieÔªø
0,z13xfvdz2yi2uzg3q22ajfjxmnzdwdxaf04,goodÔªø
0,z13fzt5gtq3nux30a23ielszjun2ize2q,Haha Psy was made king of YouTube. Justin Bieber was made queen of  YouTube... Ha! Gaaaaay!Ôªø
0,z12dvbxjoqeqd5kav04cczrjzlygytsgaz00k,Hail SatanÔªø
0,LZQPQhLyRh8vRExuDxA5K17Yh2IvzMQy-oysftMJ6O8,Has YouTube got the old comment system back? I think so but I can't tell so  can someone please tell me?
0,z12pc31akyabgzsrl04ci1h5bu2heb4y0zs0k,hit 1:36 over and over you will thank me laterÔªø
0,z13yjd0qwr2ytdirz04chplqxna2d5hjx3o,Holy crap this was in 2012 already :o Where does the time go Ôªø
0,z12yxhbprtmcydybx04cghfwpyqxthtqa04,how can it be 2 billion views with only 7 million people? Refresh  much?!!?!?!!111!Ôªø
0,z131jrqicnfzcrkks22nz1obzvbbfdkcd,how can there be 2 billion views if there is only 1 person in this world?Ôªø
0,z13czpwq1rmuzl4ex23wgrurmtefflfyg04,how can this have 2 billion views there's only me on the planetÔªø
0,z134epi5qoadfplrj04ccrabxtblynra2ag,How many accounts did they make?Ôªø
0,z13jwfmwiyvjj5nqu04cdzypsnvaz3gap4k,i am scratchƒ±Ã∏Ã∏Ã∏Ã∏Ã∏Ã∏Ã∏Ã∏Ã∏Ã∏Ã∏Ã∏Ã∏Ã∏Ã∏Ã∏Ã®ng you re scƒ±Ã∏Ã∏Ã∏Ã∏Ã∏Ã∏Ã∏Ã∏Ã∏Ã∏Ã∏Ã∏Ã∏Ã∏Ã∏en LOLÔªø
0,z12swl0hetqchhvsb22tjdsh4ofodbr5104,i bet more than the 90% of the people that saw this are asiansÔªø
0,z132tt5jywfbxfkig04cjnrj3tnje3pyca4,"I don't care wat you guys think, this guy is a freaking genius! !Ôªø"
0,z13esddztmnffdbrj04cgzz5zzyiixqpjz40k,I dont understand how 5000 people could watch 2 billion timesÔªø
0,z135gddg0uvwyr0fj22oezbrpnqiclxvr,I give it up to this guy psy he brought diversity together he may not know  but music can bring togetherness.Ôªø
0,z12rhbi4rp3cexjmg23icj0w3la1evx3i,I love itÔªø
0,z12zhd4q4tb4vr1my22cwttrxpq1zp0gq04,I wonder how long it'll be before this video reaches 3 billion?Ôªø
0,z12syjxatof5yr2z304cfjdb3rilyzmqi1s,I'am the laste humain look this video !Ôªø
0,z13hinuhmtfcdl4ge04chfdjqwvtxv5rt4w,I'm holding a potato.Ôªø
0,z131epw5vwmidhwuh22st1ejzr2ftrnzu04,I'm only here to check the viewsÔªø
0,z125yv1wqtaii1jmo23ps1axcsn2yp2wi04,I'm willing to bet 75 percent of people have no idea what the fuck this guy  is saying.Ôªø
0,z12zy35rcqqrh1rjm04cdvmhjwyvtrj44ic,id have 4K subscribers if i were uÔªø
0,z12izzeinkzrzrexc04chdw5fliksp3hdss0k,IM futur boss of the world im no with occident people im muslim im dont  panikÔªø
0,z125jjjigtixwbgoh04cdveqao3rtdujnvs0k,"Im going to wc, when i'll be back i want see my comment on the topÔªø"
0,z125wfzaosveu3ayx04chznrmyv5i1rxrvg0k,im here for the views again :DÔªø
0,z125edlqulyryxpgs04ci154lknecp45lo40k,In the beginning of 2014 at the 47th session of the UN Commission on  population and development report of the UN Secretary-General ban Ki-moon  stated that the world population reached 7.2 billion people[5].Ôªø
0,z13xvv0apwmpvzoc423xz10whon0exhtx,Is that Hyunah frm 4minute at 2:25?Ôªø
0,z12vchco3qyyetf20235djmggvajzhvwi04,IT can be done you think 7 billion are here gut iTS not true there are 70  billion on earth Ôªø
0,z12pwxiaeruvhfj3422hgvlq3rmpstrnt,It has more suscriber's than syndicate I thinkÔªø
0,z12xgvcjksmpsjgmt22jjzz4pxqdzh2gy04,It sounds like OPEN CONDOM STAOREÔªø
0,LZQPQhLyRh_hbykd_Xw4oDROJbJTFrs-UbSB2xk8gRk,It's been back for quite a while now.
0,z13txli5gzu2chgie04cc10osmbitvzi5i0,its super yeaaaaaaaaaaaaa!Ôªø
0,z13rcpcxjrzfipctq233cr2juqabe541g,just cheking views mfÔªø
0,z13bjtdbmzahfp14q04cjbdiqkjrczhau1c,"Just coming to see the views -,-Ôªø"
0,z13ntxsw4zz3gnkcf22evf2qhlr2w3soy04,Just give me a like here. Ty.Ôªø
0,z13he3nw0m2fgv1sz23mcpgp3tjbghmvk,justin beiber is better ;)Ôªø
0,z135trjqjsf5hflwe04cftzh1uvbu3oqojg,Kill me...Ôªø
0,z13dtx15osqscp5ic04cftra4relvpk4zjk,king john gkamas says unique song!!!!!Ôªø
0,z12vwzi4fqjxi3d4r04cif2rdzjwudgrgfo,Let's do 2kkk views =)Ôªø
0,z133y5552oujxtgpx04cdtg5skyygnmgr2o,LETS GO FOR 2 BILL COME ON GUYSÔªø
0,z13duxg5jzzexn5rb04cghfwpyqxthtqa04,"Lets play a game! You only get to write one word, and someone else  continues on that! :DDÔªø"
0,z13atltjsmachhasz23ktti4hnmmynfum,like 28% of world population have watched one of most viewed video on  youtube *Gangnam Style*!!!!Ôªø
0,z13dg3f4uvqiityez23bttwwpqeiib0tz,Like if you are 1.890.533.244 viewer :)Ôªø
0,z135whgpekjctpla504chbl5alatjjxywcc,LIKE THIS COMMENT FOR NO REASON :)Ôªø
0,z120ejhwdpvxjbucc220tvtoyrjpzvuly,like this comment if u came back to this vid to see how many views it has Ôªø
0,z12ft3hxulinfvxmz23vyhzysrmltlroj04,Like who is watching the video in 2014! :)Ôªø
0,z12cx3fayoasjjsco22zejygwyi1jpfq304,"lmao.. i've seen this video with 50k views, now it's 2 billion+ xD Ôªø"
0,z13ucrf4quqkytdkf22mzxq41mizgniqm04,lol people are still commenting and liking this videoÔªø
0,z13oynradzvxdhljj04cdxzzwmrqtbxodns0k,lol.Ôªø
0,z12pwtciewvaxxn2123lfxhwws3oi53nr,Love it!Ôªø
0,z12hsnajwu3vsnuah04cdbtb0rrqgni4da0,madness... views... :DÔªø
0,z13vy34hwkvcj12v223fjdxofsqod3aar04,More views than China's population ._.Ôªø
0,z13qejq4fqasftzad04cjffpoqndyriyurc0k,My best song Gangnam.Ôªø
0,z12scjoglqrzuzoai04chjaycxabi5egmh4,Name of song?Ôªø
0,z12yyp3g2rqatlka004cgjxrtoephv45vd0,New record XDÔªø
0,z12ldnvpyzfwv3i5v04cirn5vn2sedo4jco,oh god soon 2 Billion oh my fucking fuck unicorn horse's ass of holy  grenades in my underwear go scuba diving in the pacific oceanÔªø
0,z13ogd442qnmfl4hw04chxeptlf2vl3wqjw,Oh my God! How can the most watched YouTube video be from South Korea?   Everybody knows the whole world revolves around Murrika...and Jesus and  Freedom!!!!!!Ôªø
0,z124yffgazfnexf2o23hwlvzdlbudtiqi04,"Oh my gosh, the money he must of made of the veiws Ôªø"
0,z12tghkg2wfhgncgy04cgnjjxwreznah2vs0k,One hit wonder this is.Ôªø
0,z12hzjzzqoyfftwcv23ethup4ou3xf3nx,"only 1,116,356 people hears good music...Ôªø"
0,z13zhrapnqnihrwrq04chxtx2wztebzrgp40k,"People talking shit in the comments about this being the most watched vid  in youtube, but i still think its more deserving than the previous most  watched video of justin bieber....Ôªø"
0,z12yctnp1s2eydnv522msvkitnm1u5cj204,pewdiepie has more subscribers than psyÔªø
0,z13dhjtoiomms3cw504chvaajlyfflvxsto0k,PSY - GANGNAM STYLE (Í∞ïÎÇ®Ïä§ÌÉÄÏùº) M/V: http://youtu.be/9bZkp7q19f0Ôªø
0,z12sslhhywrpzdvpc04cf30qsqi5slhibaw,PSY - GANGNAM STYLE (Í∞ïÎÇ®Ïä§ÌÉÄÏùº) M/V: http://youtu.be/9bZkp7q19f0Ôªø
0,z12gyzvg5lf1hzkys04cf1bgrrvzfvzpeto0k,"Remember when this video was funny, the first time everyone saw it?Ôªø"
0,z13lwvgblzieed313231ivyjdnmwvn0oc04,Road to two billion views!Ôªø
0,z13pw5qjxymjcbxdt22wurdann3kivs3u,"Say that this video dated July 15, 2012, and every day there are still  millions of people who look O___oÔªø"
0,z13xypfjulmbdfzuq225vberqr3gftep004,soon 6 milion comments! Ôªø
0,z12bdfeiszidyhekj22ozlhqcyjzszdwe04,Sooooo many views. Ôªø
0,z13hs12adxzfulppg04cehrjevu4ehmgt4g,South Korea is the leader of Asia!   Samsung and LG are made by Korea. Japan is on old news!  Sony and Toshiba are dead.Ôªø
0,z13njxvowxepw1wyl04chf4x5my4evprbwg0k,"South Korea plays the most online games in the world and makes the most  watched online video, North korea has no internet at all. LolÔªø"
0,z12jhdnomqfjsblh304chj3gokznepfwtqw0k,Still listening to this In 2014Ôªø
0,z13qcvrrqvvfd5eix04chl34emiaxfbqkrw0k,"the bigger shit, the more desirable ... welcome today's age ! lolÔªø"
0,z12mipyjlzi0eji4b04cenrjtqrac1t5vqw0k,the girl is really a pussy!!!Ôªø
0,z13ijvnyszumfvgjj04ccfyq1rezj3h54lw0k,"The popularity of this song shows how easily young , impreassionable kids  jump on the bandwagon and listen to music just because it's popular.Ôªø"
0,z13zdjwbqubvetcwk04ccheqxsjuhfdzdrc0k,The Secret of the Universe is hidden somewhere between these comments. Now  start scrolling down.Ôªø
0,z13jcrk4kuvagjcgl04civir1kbzu3apz3w,Them views doee then look at mine lmaooÔªø
0,z13awtcojoyxy3xdu23pcd3zuvafwfw35,"This is the most viewed video Ever on Youtube and *there are people* that  question ""why is it The most viewed youtube video *from South Korea?""* YouTube is American. PSY had this video shared on Twitter (and other medias) by worlwide  american celebrities that togheter have more than 400 million followers,  beside The Hallyu wave that spread Korean music throughout Asia in 2010's  So, without Americans, Psy would have never been The King of YoutubeÔªø"
0,z121gtc4vneyuxij004cjnbpxnmtstgondg,This seems like a good place to find an Asian gf just in the commentsÔªø
0,z13ld1a4cmaxjh0hd04cdh4bfyrhflepztw0k,This song is not popular anymore how the heck does it have this many views  üò†Ôªø
0,z13qwbj5jmzcw5q3322tx1dwnpyedjfjt04,This song is so dead and old Ôªø
0,z13zslnhuya1ipdlm230jfa4bqfjfvjcy,This song sucks. Do you people even know what he is saying? Thats why our  generation is so messed up! Gullible little kids that don't even know  music. GOD HOW I HATE THIS SONG!Ôªø
0,z12wvrzyjlywulqub22jtrrofwyhgp0ss,This video has been watched for a total of 252.6 years!Ôªø
0,z12vjpihlmnyyrfwg04cdlyxykbgyf4wki4,This was uploaded 2/1 years ago and people are still watching this holy  smokes.Ôªø
0,z12vddegvqzfifysc22jc1ahwm3wu5irk04,THUMBS UP IF YOU WANNA 2 BILION VIEWS! &lt;3Ôªø
0,z120ff4xmky0czp3s22yi3vryqrjxjzvy,"Two billion, One-hundred and sixteen million,  Four hundred and twenty-two  thousand, One hundred and sixteen views...*Edit*Ôªø"
0,z12bzx4p4qibgxnmx22nxbrxbzz5eth3s,"Uneducated americans xD There are about 7BILLION people in the world,  retards.Ôªø"
0,z12cj1tp0sjxztnaq04cidebiyy0thlxgdg,"Wait! How does this video have 2 billion views, when there are only 7  billion people on earth? Hacks.Ôªø"
0,z13ixjciukbnvbgae04cft15fkv5izxj05w,what is GANGNAM STYLE ?Ôªø
0,z125dh2iiwroeveno23aj10aao2wwzo3g,Whatafack how can this have 2 billion when there's on earth only 10  gazilions of trilions people on earth????? Dafuqqq youtube!!!1111Ôªø
0,z12evhnwdozwytsh004cgbuh1wy2hl4hsvc0k,"When former North Korean defectors sneak back in video footage of the  outside, I hope this is the video they use. Ôªø"
0,z12xxxrzxxfwj3lay04cf1sxetvccn4jpko0k,When he's in the stables he looks like severus snape.Ôªø
0,z13wirjq1we4wlm1o22tzlnxlz2oejgd4,When I remember me I was the first to comment the videoÔªø
0,z12xgxsq0lfkwhees230cxurvmrecv4bj04,Who else came here after a few months just to check the views?Ôªø
0,z131xff4lx2js1zpm04cixgw4nfzjnz34,who else came here to check the number of views??Ôªø
0,z12pspjrylimw3dau04cjp4wbwu0gjzg4ug0k,Worst Korea.Ôªø
0,z133wbdbboefgzofd23qv11qlpfdzf2t5,Wow this guys channle has 4.3m views pewdiepie has 6.5mÔªø
0,z13cwvhwzsuwtlplp22eu5wyyunfxhiei,Wow. 2 billion views. Ôªø
0,z12yzrmb4trihblvh22bf1cisnroydngh04,wright get off drugs now youtubeÔªø
0,z13utzejfo3nvnkkh22mjhf4nlyteflhm04,WTF 2 BILLION VIEWS LOLÔªø
0,z12hipeo2xn0sfdub23fhxvjquerhj05k04,wtf bilion views ...not normally Ôªø
0,z13mtzr4pwafiv44u04cgr2puqfpuvkolzo0k,"Yeah, you got 2 billions of views. CongratulationsÔªø"
